{
    "name": "root",
    "gauges": {
        "KartAgent.Policy.Entropy.mean": {
            "value": 2.1926803588867188,
            "min": 2.1926803588867188,
            "max": 2.1926803588867188,
            "count": 1
        },
        "KartAgent.Policy.Entropy.sum": {
            "value": 44651.7421875,
            "min": 44651.7421875,
            "max": 44651.7421875,
            "count": 1
        },
        "KartAgent.Step.mean": {
            "value": 19968.0,
            "min": 19968.0,
            "max": 19968.0,
            "count": 1
        },
        "KartAgent.Step.sum": {
            "value": 19968.0,
            "min": 19968.0,
            "max": 19968.0,
            "count": 1
        },
        "KartAgent.Policy.ExtrinsicValueEstimate.mean": {
            "value": -0.04459067061543465,
            "min": -0.04459067061543465,
            "max": -0.04459067061543465,
            "count": 1
        },
        "KartAgent.Policy.ExtrinsicValueEstimate.sum": {
            "value": -13.912288665771484,
            "min": -13.912288665771484,
            "max": -13.912288665771484,
            "count": 1
        },
        "KartAgent.Losses.PolicyLoss.mean": {
            "value": 0.05155458228085384,
            "min": 0.05155458228085384,
            "max": 0.05155458228085384,
            "count": 1
        },
        "KartAgent.Losses.PolicyLoss.sum": {
            "value": 0.05155458228085384,
            "min": 0.05155458228085384,
            "max": 0.05155458228085384,
            "count": 1
        },
        "KartAgent.Losses.ValueLoss.mean": {
            "value": 0.015132666650849084,
            "min": 0.015132666650849084,
            "max": 0.015132666650849084,
            "count": 1
        },
        "KartAgent.Losses.ValueLoss.sum": {
            "value": 0.015132666650849084,
            "min": 0.015132666650849084,
            "max": 0.015132666650849084,
            "count": 1
        },
        "KartAgent.Policy.LearningRate.mean": {
            "value": 0.00029937792020736,
            "min": 0.00029937792020736,
            "max": 0.00029937792020736,
            "count": 1
        },
        "KartAgent.Policy.LearningRate.sum": {
            "value": 0.00029937792020736,
            "min": 0.00029937792020736,
            "max": 0.00029937792020736,
            "count": 1
        },
        "KartAgent.Policy.Epsilon.mean": {
            "value": 0.19979264000000005,
            "min": 0.19979264000000005,
            "max": 0.19979264000000005,
            "count": 1
        },
        "KartAgent.Policy.Epsilon.sum": {
            "value": 0.19979264000000005,
            "min": 0.19979264000000005,
            "max": 0.19979264000000005,
            "count": 1
        },
        "KartAgent.Policy.Beta.mean": {
            "value": 0.0049896527359999995,
            "min": 0.0049896527359999995,
            "max": 0.0049896527359999995,
            "count": 1
        },
        "KartAgent.Policy.Beta.sum": {
            "value": 0.0049896527359999995,
            "min": 0.0049896527359999995,
            "max": 0.0049896527359999995,
            "count": 1
        },
        "KartAgent.IsTraining.mean": {
            "value": 1.0,
            "min": 1.0,
            "max": 1.0,
            "count": 1
        },
        "KartAgent.IsTraining.sum": {
            "value": 1.0,
            "min": 1.0,
            "max": 1.0,
            "count": 1
        }
    },
    "metadata": {
        "timer_format_version": "0.1.0",
        "start_time_seconds": "1778688944",
        "python_version": "3.10.11 (tags/v3.10.11:7d4cc5a, Apr  5 2023, 00:38:17) [MSC v.1929 64 bit (AMD64)]",
        "command_line_arguments": "C:\\Users\\Usurio\\Documents\\GitHub\\Proyecto_Final_IA\\.venv\\Scripts\\mlagents-learn .\\Assets\\MLAgents\\Config\\kart_agent_config.yaml --run-id kart_pista_completa --base-port 5004 --results-dir .\\Assets\\MLAgents\\TrainingLogs",
        "mlagents_version": "1.1.0",
        "mlagents_envs_version": "1.1.0",
        "communication_protocol_version": "1.5.0",
        "pytorch_version": "2.8.0+cpu",
        "numpy_version": "1.23.5",
        "end_time_seconds": "1778689042"
    },
    "total": 97.730146899994,
    "count": 1,
    "self": 0.009109499980695546,
    "children": {
        "run_training.setup": {
            "total": 0.16948079998837784,
            "count": 1,
            "self": 0.16948079998837784
        },
        "TrainerController.start_learning": {
            "total": 97.55155660002492,
            "count": 1,
            "self": 0.19201919896295294,
            "children": {
                "TrainerController._reset_env": {
                    "total": 27.877717299968936,
                    "count": 1,
                    "self": 27.877717299968936
                },
                "TrainerController.advance": {
                    "total": 69.18041730107507,
                    "count": 5984,
                    "self": 0.07974130334332585,
                    "children": {
                        "env_step": {
                            "total": 69.10067599773174,
                            "count": 5984,
                            "self": 51.416909198625945,
                            "children": {
                                "SubprocessEnvManager._take_step": {
                                    "total": 17.593295697879512,
                                    "count": 5984,
                                    "self": 0.3647466959664598,
                                    "children": {
                                        "TorchPolicy.evaluate": {
                                            "total": 17.228549001913052,
                                            "count": 5984,
                                            "self": 17.228549001913052
                                        }
                                    }
                                },
                                "workers": {
                                    "total": 0.0904711012262851,
                                    "count": 5983,
                                    "self": 0.0,
                                    "children": {
                                        "worker_root": {
                                            "total": 68.45109389931895,
                                            "count": 5983,
                                            "is_parallel": true,
                                            "self": 30.421015500440262,
                                            "children": {
                                                "steps_from_proto": {
                                                    "total": 0.0027979000005871058,
                                                    "count": 1,
                                                    "is_parallel": true,
                                                    "self": 0.0011175000108778477,
                                                    "children": {
                                                        "_process_rank_one_or_two_observation": {
                                                            "total": 0.001680399989709258,
                                                            "count": 4,
                                                            "is_parallel": true,
                                                            "self": 0.001680399989709258
                                                        }
                                                    }
                                                },
                                                "UnityEnvironment.step": {
                                                    "total": 38.0272804988781,
                                                    "count": 5983,
                                                    "is_parallel": true,