lapTime_delta,position_delta,mapCollisions_total,shellsUsed_total,bananasUsed_total,mushroomsUsed_total,starsUsed_total,bananaHitsReceived_total,shellHitsReceived_total,player_type,aggressiveness,hit_ratio,powerup_efficiency
33.055,5.1,7,1,2,0,0,2,2,Slow,3,1.0,0.375
14.325,4.2,5,1,2,2,0,1,0,Conservative,3,0.25,0.5
17.901,4.1,19,1,3,0,0,7,5,Clumsy,4,2.4,0.2
7.127,1.0,1,4,1,5,0,2,2,Pro,5,0.6666666666666666,2.5
35.926,5.4,5,0,1,2,0,2,2,Slow,1,2.0,0.16666666666666666
18.877,4.0,6,0,1,0,0,2,0,Slow,1,1.0,0.14285714285714285
29.809,6.0,39,3,3,1,0,6,5,Clumsy,6,1.5714285714285714,0.15
27.398,4.9,5,2,0,0,0,1,1,Slow,2,0.6666666666666666,0.3333333333333333
19.764,4.7,26,2,0,1,0,5,6,Clumsy,2,3.6666666666666665,0.07407407407407407
16.377,3.7,6,1,1,3,0,1,2,Conservative,2,1.0,0.2857142857142857
39.8,6.0,9,0,0,2,0,0,2,Slow,0,2.0,0.0
12.297,2.3,3,1,2,1,0,0,1,Conservative,3,0.25,0.75
14.0,3.0,17,6,6,0,0,8,4,Aggressive,12,0.9230769230769231,0.6666666666666666
10.68,2.4,1,1,1,0,0,0,2,Conservative,2,0.6666666666666666,1.0
8.676,1.4,8,3,7,2,0,7,3,Aggressive,10,0.9090909090909091,1.1111111111111112
22.926,4.4,2,2,2,2,0,2,1,Slow,4,0.6,1.3333333333333333
7.265,1.0,1,0,1,5,0,1,0,Pro,1,0.5,0.5
36.779,5.9,8,1,0,2,0,2,1,Slow,1,1.5,0.1111111111111111
16.603,3.5,6,2,0,3,0,1,1,Conservative,2,0.6666666666666666,0.2857142857142857
11.985,3.1,3,2,1,0,0,1,0,Conservative,3,0.25,0.75
27.382,5.8,11,1,1,0,0,0,0,Slow,2,0.0,0.16666666666666666
14.0,4.2,21,1,1,1,0,7,3,Clumsy,2,3.3333333333333335,0.09090909090909091
10.584,1.9,6,0,1,2,0,0,1,Pro,1,0.5,0.14285714285714285
16.718,4.0,7,1,1,0,0,2,0,Conservative,2,0.6666666666666666,0.25
22.33,3.8,21,5,3,4,0,7,5,Chaotic,8,1.3333333333333333,0.36363636363636365
28.392,5.7,38,0,0,0,0,7,5,Clumsy,0,12.0,0.0
10.263,2.0,0,1,1,0,0,1,1,Conservative,2,0.6666666666666666,2.0
11.539,4.2,9,2,2,2,0,1,1,Conservative,4,0.4,0.4
38.925,5.5,8,0,0,0,0,0,1,Slow,0,1.0,0.0
21.569,5.5,29,0,0,1,0,4,4,Clumsy,0,8.0,0.0
10.349,1.8,12,7,3,2,0,3,6,Aggressive,10,0.8181818181818182,0.7692307692307693
16.788,3.8,8,2,0,2,0,0,1,Conservative,2,0.3333333333333333,0.2222222222222222
13.432,3.0,3,1,2,2,0,1,2,Conservative,3,0.75,0.75
40.0,6.0,9,0,0,0,0,1,0,Slow,0,1.0,0.0
10.231,2.5,7,0,1,1,0,0,2,Conservative,1,1.0,0.125
11.536,1.9,5,0,2,3,0,1,2,Conservative,2,1.0,0.3333333333333333
11.406,2.8,1,2,1,0,1,1,2,Conservative,3,0.75,1.5
22.541,4.7,1,0,1,2,0,0,2,Slow,1,1.0,0.5
22.471,5.2,32,2,3,1,0,4,6,Clumsy,5,1.6666666666666667,0.15151515151515152
10.234,2.0,10,6,5,1,0,7,5,Aggressive,11,1.0,1.0
10.039,1.6,8,5,3,2,0,7,5,Aggressive,8,1.3333333333333333,0.8888888888888888
27.238,4.8,4,1,1,1,0,1,1,Slow,2,0.6666666666666666,0.4
28.949,4.5,4,2,0,0,0,0,1,Slow,2,0.3333333333333333,0.4
12.999,5.1,32,1,0,1,0,7,6,Clumsy,1,6.5,0.030303030303030304
16.12,3.4,7,1,2,3,0,2,0,Conservative,3,0.5,0.375
34.966,5.2,7,1,2,0,0,2,2,Slow,3,1.0,0.375
17.467,3.8,7,0,0,3,0,0,1,Conservative,0,1.0,0.0
14.251,4.3,19,0,2,1,0,7,3,Clumsy,2,3.3333333333333335,0.1
22.194,4.0,0,2,1,2,0,0,2,Slow,3,0.5,3.0
11.392,3.5,15,6,1,5,0,3,7,Chaotic,7,1.25,0.4375
21.378,4.0,0,0,0,1,0,1,1,Slow,0,2.0,0.0
17.556,3.9,7,0,0,3,0,2,2,Conservative,0,4.0,0.0
7.056,1.1,0,5,0,5,0,2,0,Pro,5,0.3333333333333333,5.0
7.0,1.1,1,5,1,4,0,1,2,Pro,6,0.42857142857142855,3.0
13.093,2.7,2,0,0,3,0,0,2,Conservative,0,2.0,0.0
7.772,1.3,17,5,7,0,0,3,4,Aggressive,12,0.5384615384615384,0.6666666666666666
28.048,5.7,36,1,3,1,0,4,5,Clumsy,4,1.8,0.10810810810810811
20.056,3.7,20,1,7,3,0,4,7,Chaotic,8,1.2222222222222223,0.38095238095238093
27.603,5.7,2,2,0,2,0,2,1,Slow,2,1.0,0.6666666666666666
13.406,2.8,5,1,2,1,0,1,1,Conservative,3,0.5,0.5
27.505,1.6,21,5,3,4,0,4,3,Chaotic,8,0.7777777777777778,0.36363636363636365
24.274,4.2,1,0,0,1,0,0,1,Slow,0,1.0,0.0
37.292,5.8,9,2,1,0,0,0,0,Slow,3,0.0,0.3
30.0,6.0,28,0,6,4,0,7,6,Chaotic,6,1.8571428571428572,0.20689655172413793
22.046,4.2,22,1,5,2,0,9,3,Chaotic,6,1.7142857142857142,0.2608695652173913
26.251,5.5,37,3,2,0,0,5,3,Clumsy,5,1.3333333333333333,0.13157894736842105
13.679,2.9,17,7,4,0,0,7,5,Aggressive,11,1.0,0.6111111111111112
31.373,5.3,5,2,0,2,0,1,1,Slow,2,0.6666666666666666,0.3333333333333333
15.024,4.3,21,1,0,2,0,5,6,Clumsy,1,5.5,0.045454545454545456
11.581,1.8,13,5,7,0,0,7,5,Aggressive,12,0.9230769230769231,0.8571428571428571
14.432,2.9,5,2,2,2,0,1,2,Conservative,4,0.6,0.6666666666666666
20.303,3.8,19,1,8,2,0,5,6,Chaotic,9,1.1,0.45
11.326,2.1,14,5,3,4,0,3,5,Aggressive,8,0.8888888888888888,0.5333333333333333
11.771,2.2,14,8,3,1,0,5,4,Aggressive,11,0.75,0.7333333333333333
13.795,3.2,3,1,0,0,0,1,1,Conservative,1,1.0,0.25
26.096,4.6,3,2,0,0,0,0,1,Slow,2,0.3333333333333333,0.5
8.0,1.2,5,6,6,0,0,4,5,Aggressive,12,0.6923076923076923,2.0
14.772,4.3,19,0,2,1,0,8,6,Clumsy,2,4.666666666666667,0.1
11.901,2.0,13,5,4,0,0,5,4,Aggressive,9,0.9,0.6428571428571429
40.0,6.0,10,0,1,0,0,0,2,Slow,1,1.0,0.09090909090909091
7.431,1.1,9,4,6,0,0,5,7,Chaotic,10,1.0909090909090908,1.0
30.0,5.3,26,4,2,4,0,8,7,Chaotic,6,2.142857142857143,0.2222222222222222
10.657,1.9,5,3,2,5,0,1,2,Pro,5,0.5,0.8333333333333334
18.525,5.1,0,1,1,2,0,2,1,Slow,2,1.0,2.0
14.455,3.2,4,2,2,1,0,1,2,Conservative,4,0.6,0.8
23.077,5.1,5,0,0,0,0,1,2,Slow,0,3.0,0.0
21.617,4.0,21,7,2,3,0,10,8,Chaotic,9,1.8,0.4090909090909091
17.379,4.0,21,0,3,0,0,3,6,Clumsy,3,2.25,0.13636363636363635
38.351,6.0,8,0,1,1,0,0,2,Slow,1,1.0,0.1111111111111111
17.904,3.4,7,0,2,3,0,0,0,Conservative,2,0.0,0.25
11.046,2.0,11,6,4,2,0,8,4,Aggressive,10,1.0909090909090908,0.8333333333333334
27.983,4.7,2,0,2,1,0,2,0,Slow,2,0.6666666666666666,0.6666666666666666
23.616,4.9,30,0,2,2,0,4,5,Clumsy,2,3.0,0.06451612903225806
26.331,6.0,25,3,5,3,0,10,7,Chaotic,8,1.8888888888888888,0.3076923076923077
12.949,2.8,16,4,4,4,0,6,3,Aggressive,8,1.0,0.47058823529411764
18.732,2.4,19,1,6,5,0,8,5,Chaotic,7,1.625,0.35
15.85,3.9,6,2,1,1,0,0,0,Conservative,3,0.0,0.42857142857142855
26.76,4.6,3,1,2,2,0,0,2,Slow,3,0.5,0.75
8.48,1.3,3,5,2,2,0,1,1,Pro,7,0.25,1.75
25.111,4.6,1,0,1,0,0,0,2,Slow,1,1.0,0.5
10.583,2.1,0,2,2,3,0,2,0,Conservative,4,0.4,4.0
10.0,2.1,2,0,0,2,0,0,2,Conservative,0,2.0,0.0
22.974,4.5,3,2,1,0,0,1,0,Slow,3,0.25,0.75
20.408,4.5,20,1,7,4,0,7,7,Chaotic,8,1.5555555555555556,0.38095238095238093
12.111,1.9,15,3,3,5,0,7,6,Aggressive,6,1.8571428571428572,0.375
14.0,3.0,17,5,5,2,0,7,4,Aggressive,10,1.0,0.5555555555555556
28.223,6.0,35,3,1,1,0,6,5,Clumsy,4,2.2,0.1111111111111111
16.048,4.2,20,0,2,0,0,5,6,Clumsy,2,3.6666666666666665,0.09523809523809523
9.518,1.7,4,3,1,4,0,1,2,Pro,4,0.6,0.8
31.022,5.1,7,1,2,2,0,2,2,Slow,3,1.0,0.375
15.557,3.4,6,2,1,0,0,2,2,Conservative,3,1.0,0.42857142857142855
8.932,1.3,4,3,3,3,0,2,1,Pro,6,0.42857142857142855,1.2
21.711,5.0,30,0,1,2,0,6,6,Clumsy,1,6.0,0.03225806451612903
11.982,2.1,2,2,2,0,0,1,0,Conservative,4,0.2,1.3333333333333333
19.201,3.8,35,1,0,0,0,3,3,Clumsy,1,3.0,0.027777777777777776
12.28,2.2,12,6,6,0,0,8,3,Aggressive,12,0.8461538461538461,0.9230769230769231
9.627,2.0,7,2,1,2,0,1,1,Conservative,3,0.5,0.375
17.799,4.8,24,0,1,2,0,4,4,Clumsy,1,4.0,0.04
13.894,2.8,4,0,0,2,0,0,2,Conservative,0,2.0,0.0
39.916,6.0,10,2,2,0,0,0,2,Slow,4,0.4,0.36363636363636365
14.457,3.2,4,2,0,1,0,1,2,Conservative,2,1.0,0.4
11.87,2.5,1,1,1,0,0,1,1,Conservative,2,0.6666666666666666,1.0
38.981,6.0,10,0,2,0,0,1,0,Slow,2,0.3333333333333333,0.18181818181818182
9.14,1.6,4,3,0,4,0,2,1,Pro,3,0.75,0.6
11.496,1.2,14,2,0,2,0,6,5,Chaotic,2,3.6666666666666665,0.13333333333333333
11.392,2.6,13,5,3,4,0,3,4,Aggressive,8,0.7777777777777778,0.5714285714285714
15.983,4.1,23,0,2,2,0,5,5,Clumsy,2,3.3333333333333335,0.08333333333333333
12.77,2.8,17,6,3,3,0,8,3,Aggressive,9,1.1,0.5
9.264,1.0,8,3,8,1,0,6,5,Aggressive,11,0.9166666666666666,1.2222222222222223
10.626,2.0,10,5,7,0,0,3,3,Aggressive,12,0.46153846153846156,1.0909090909090908
11.676,2.8,8,7,5,0,0,8,6,Aggressive,12,1.0769230769230769,1.3333333333333333
28.772,5.0,4,1,0,1,0,1,0,Slow,1,0.5,0.2
22.119,4.1,1,0,0,2,0,2,1,Slow,0,3.0,0.0
23.075,5.0,32,3,1,2,0,4,4,Clumsy,4,1.6,0.12121212121212122
38.089,5.8,9,2,1,1,0,2,1,Slow,3,0.75,0.3
8.0,1.0,6,4,7,1,0,3,4,Aggressive,11,0.5833333333333334,1.5714285714285714
36.431,5.6,8,2,1,1,0,2,1,Slow,3,0.75,0.3333333333333333
13.755,3.0,16,3,4,1,0,8,6,Aggressive,7,1.75,0.4117647058823529
19.991,5.1,40,2,2,1,0,7,3,Clumsy,4,2.0,0.0975609756097561
22.374,4.9,30,0,3,0,0,5,4,Clumsy,3,2.25,0.0967741935483871
17.082,3.1,12,5,0,5,0,3,8,Chaotic,5,1.8333333333333333,0.38461538461538464
20.228,3.6,20,4,4,2,0,7,6,Chaotic,8,1.4444444444444444,0.38095238095238093
25.855,4.7,1,2,1,0,0,0,0,Slow,3,0.0,1.5
37.761,5.9,9,0,0,1,0,2,2,Slow,0,4.0,0.0
10.509,1.8,6,6,4,2,0,6,4,Aggressive,10,0.9090909090909091,1.4285714285714286
12.037,2.5,3,2,2,2,0,2,1,Conservative,4,0.6,1.0
14.0,4.0,20,3,0,0,0,7,4,Clumsy,3,2.75,0.14285714285714285
8.887,1.6,6,3,8,1,0,3,5,Aggressive,11,0.6666666666666666,1.5714285714285714
16.85,4.4,21,1,1,0,0,6,4,Clumsy,2,3.3333333333333335,0.09090909090909091
13.888,3.0,16,4,3,2,0,7,3,Aggressive,7,1.25,0.4117647058823529
16.298,3.9,6,2,2,3,0,2,1,Conservative,4,0.6,0.5714285714285714
9.385,1.5,10,5,4,2,0,7,3,Aggressive,9,1.0,0.8181818181818182
31.613,5.6,3,0,0,2,1,0,0,Slow,0,0.0,0.0
34.508,5.7,6,2,2,1,0,0,0,Slow,4,0.0,0.5714285714285714
21.586,4.3,22,1,3,3,0,7,8,Chaotic,4,3.0,0.17391304347826086
11.904,2.8,15,6,0,5,0,9,4,Chaotic,6,1.8571428571428572,0.375
11.972,2.4,1,1,2,0,0,0,1,Conservative,3,0.25,1.5
26.917,5.6,35,3,1,2,0,7,4,Clumsy,4,2.2,0.1111111111111111
34.152,5.2,7,2,1,0,0,1,1,Slow,3,0.5,0.375
25.379,5.6,35,1,3,1,0,8,3,Clumsy,4,2.2,0.1111111111111111
8.395,1.2,6,3,3,3,0,6,4,Aggressive,6,1.4285714285714286,0.8571428571428571
30.0,6.0,26,1,7,0,0,9,8,Chaotic,8,1.8888888888888888,0.2962962962962963
11.843,2.8,2,0,2,1,0,0,1,Conservative,2,0.3333333333333333,0.6666666666666666
17.468,3.9,8,1,1,1,0,2,1,Conservative,2,1.0,0.2222222222222222
28.739,5.9,30,3,2,2,0,6,4,Clumsy,5,1.6666666666666667,0.16129032258064516
22.754,5.3,20,2,3,0,0,3,5,Chaotic,5,1.3333333333333333,0.23809523809523808
18.983,5.8,9,0,1,0,0,1,2,Slow,1,1.5,0.1
24.968,5.5,32,0,2,0,0,3,4,Clumsy,2,2.3333333333333335,0.06060606060606061
32.995,5.5,5,0,1,1,0,1,2,Slow,1,1.5,0.16666666666666666
19.535,5.3,43,2,0,0,0,5,4,Clumsy,2,3.0,0.045454545454545456
40.0,6.0,10,0,2,2,0,1,1,Slow,2,0.6666666666666666,0.18181818181818182
34.827,5.3,7,0,0,1,0,2,0,Slow,0,2.0,0.0
12.683,2.7,1,0,2,3,0,2,1,Conservative,2,1.0,1.0
9.941,1.6,8,4,4,1,0,3,3,Aggressive,8,0.6666666666666666,0.8888888888888888
11.847,2.5,1,1,2,3,0,0,0,Conservative,3,0.0,1.5
33.036,5.3,6,1,0,2,0,1,0,Slow,1,0.5,0.14285714285714285
41.013,4.0,9,1,2,2,0,0,0,Slow,3,0.0,0.3
19.095,4.5,26,3,2,0,0,7,3,Clumsy,5,1.6666666666666667,0.18518518518518517
11.294,1.0,12,4,4,3,0,4,5,Chaotic,8,1.0,0.6153846153846154
12.662,2.4,16,4,4,1,0,7,4,Aggressive,8,1.2222222222222223,0.47058823529411764
26.817,5.4,35,1,3,0,0,4,4,Clumsy,4,1.6,0.1111111111111111
30.866,5.4,5,2,1,1,0,1,2,Slow,3,0.75,0.5
37.923,5.5,9,1,2,0,0,2,0,Slow,3,0.5,0.3
12.618,1.9,15,1,0,0,0,3,8,Chaotic,1,5.5,0.0625
9.445,1.1,7,3,4,5,0,5,5,Aggressive,7,1.25,0.875
16.453,3.4,6,2,2,1,0,0,2,Conservative,4,0.4,0.5714285714285714
11.013,2.0,10,5,4,3,0,3,6,Aggressive,9,0.9,0.8181818181818182
17.424,3.8,6,2,0,0,0,0,2,Conservative,2,0.6666666666666666,0.2857142857142857
20.649,5.1,8,1,0,2,0,0,0,Slow,1,0.0,0.1111111111111111
22.411,5.0,29,3,3,1,0,3,5,Clumsy,6,1.1428571428571428,0.2
14.0,3.0,18,4,3,5,0,7,5,Aggressive,7,1.5,0.3684210526315789
16.517,3.9,6,0,2,2,0,1,0,Conservative,2,0.3333333333333333,0.2857142857142857
12.409,2.6,2,0,2,1,0,2,2,Conservative,2,1.3333333333333333,0.6666666666666666
20.214,4.0,0,0,1,0,0,2,2,Slow,1,2.0,1.0
18.0,3.9,8,0,2,1,0,1,1,Conservative,2,0.6666666666666666,0.2222222222222222
15.286,3.3,12,3,0,1,0,6,4,Chaotic,3,2.5,0.23076923076923078
35.402,5.1,9,0,0,0,0,1,0,Slow,0,1.0,0.0
15.817,3.4,5,2,2,3,0,0,0,Conservative,4,0.0,0.6666666666666666
17.714,4.9,41,3,0,1,0,5,4,Clumsy,3,2.25,0.07142857142857142
14.571,3.3,3,2,0,0,0,2,1,Conservative,2,1.0,0.5
25.26,5.3,30,1,0,1,0,4,3,Clumsy,1,3.5,0.03225806451612903
13.411,3.0,2,1,1,3,0,1,2,Conservative,2,1.0,0.6666666666666666
31.315,5.3,6,1,2,2,0,0,1,Slow,3,0.25,0.42857142857142855
39.849,5.6,9,0,0,0,0,1,0,Slow,0,1.0,0.0
33.52,5.4,7,0,0,1,0,1,0,Slow,0,1.0,0.0
25.781,4.8,4,2,1,0,0,0,2,Slow,3,0.5,0.6
20.596,4.6,29,0,0,2,0,5,5,Clumsy,0,10.0,0.0
17.618,3.8,8,2,0,1,0,2,1,Conservative,2,1.0,0.2222222222222222
10.342,1.8,5,0,2,2,0,0,0,Conservative,2,0.0,0.3333333333333333
10.072,1.9,9,3,7,1,0,3,5,Aggressive,10,0.7272727272727273,1.0
37.519,5.9,9,0,1,1,0,2,0,Slow,1,1.0,0.1
18.394,3.8,15,7,3,2,0,5,3,Chaotic,10,0.7272727272727273,0.625
9.608,1.5,5,4,4,4,0,3,5,Aggressive,8,0.8888888888888888,1.3333333333333333
15.748,2.2,15,3,6,3,0,10,7,Chaotic,9,1.7,0.5625
20.746,5.0,29,2,1,2,0,3,3,Clumsy,3,1.5,0.1
25.987,5.4,31,3,0,1,0,7,3,Clumsy,3,2.5,0.09375
23.518,4.4,23,3,3,5,0,3,5,Chaotic,6,1.1428571428571428,0.25
8.125,3.6,8,3,3,0,0,10,6,Chaotic,6,2.2857142857142856,0.6666666666666666
20.0,4.2,1,1,0,1,0,2,1,Slow,1,1.5,0.5
16.132,3.6,7,1,2,0,0,2,0,Conservative,3,0.5,0.375
18.791,4.5,25,3,2,2,0,8,6,Clumsy,5,2.3333333333333335,0.19230769230769232
10.052,1.5,8,7,2,3,0,6,4,Aggressive,9,1.0,1.0
11.404,2.3,2,0,0,1,0,2,2,Conservative,0,4.0,0.0
10.807,1.9,5,5,0,2,0,2,2,Pro,5,0.6666666666666666,0.8333333333333334
8.296,2.1,6,0,2,1,0,2,0,Pro,2,0.6666666666666666,0.2857142857142857
13.588,2.0,6,6,6,0,0,5,6,Aggressive,12,0.8461538461538461,1.7142857142857142
8.261,1.5,2,3,0,4,0,2,2,Pro,3,1.0,1.0
24.165,4.2,2,1,2,2,0,1,0,Slow,3,0.25,1.0
21.007,4.2,0,1,0,2,1,2,2,Slow,1,2.0,1.0
16.896,4.4,21,2,1,2,0,3,5,Clumsy,3,2.0,0.13636363636363635
13.719,3.0,15,4,3,2,0,4,5,Aggressive,7,1.125,0.4375
22.768,5.9,20,2,3,1,0,5,5,Clumsy,5,1.6666666666666667,0.23809523809523808
10.372,2.0,0,2,1,0,0,1,1,Conservative,3,0.5,3.0
30.15,5.2,3,2,1,0,0,1,1,Slow,3,0.5,0.75
30.0,6.0,27,0,1,3,0,4,3,Chaotic,1,3.5,0.03571428571428571
16.802,4.2,19,2,0,0,0,7,6,Clumsy,2,4.333333333333333,0.1
11.495,2.1,12,6,5,1,0,4,3,Aggressive,11,0.5833333333333334,0.8461538461538461
13.69,2.9,17,8,4,0,0,8,4,Aggressive,12,0.9230769230769231,0.6666666666666666
25.345,4.4,2,1,1,1,0,2,2,Slow,2,1.3333333333333333,0.6666666666666666
9.1,1.5,2,4,0,4,0,2,2,Pro,4,0.8,1.3333333333333333
16.216,3.7,19,3,4,5,0,4,8,Chaotic,7,1.5,0.35
9.329,1.6,3,2,1,4,0,1,0,Pro,3,0.25,0.75
24.128,5.6,34,2,1,2,0,3,5,Clumsy,3,2.0,0.08571428571428572
12.568,2.4,12,6,6,0,0,5,4,Chaotic,12,0.6923076923076923,0.9230769230769231
23.496,4.7,21,1,4,1,0,3,3,Chaotic,5,1.0,0.22727272727272727
25.832,4.9,25,3,1,1,0,4,8,Chaotic,4,2.4,0.15384615384615385
26.637,5.3,35,2,3,0,0,4,6,Clumsy,5,1.6666666666666667,0.1388888888888889
10.077,2.0,0,0,1,0,0,2,1,Conservative,1,1.5,1.0
12.86,2.9,16,1,8,3,0,3,6,Aggressive,9,0.9,0.5294117647058824
16.175,3.9,6,1,0,1,0,2,0,Conservative,1,1.0,0.14285714285714285
29.622,5.9,10,2,0,0,0,2,1,Slow,2,1.0,0.18181818181818182
12.077,2.3,14,5,4,2,0,4,6,Aggressive,9,1.0,0.6
14.459,3.4,4,0,2,3,0,2,1,Conservative,2,1.0,0.4
24.38,5.4,35,0,1,1,0,8,6,Clumsy,1,7.0,0.027777777777777776
13.684,2.6,17,7,4,0,0,6,4,Aggressive,11,0.8333333333333334,0.6111111111111112
7.842,1.1,2,1,2,1,0,2,0,Pro,3,0.5,1.0
28.527,5.9,38,1,1,0,0,5,3,Clumsy,2,2.6666666666666665,0.05128205128205128
32.5,5.4,7,1,2,0,0,1,0,Slow,3,0.25,0.375
28.501,5.6,27,5,7,0,0,9,3,Chaotic,12,0.9230769230769231,0.42857142857142855
11.796,2.7,1,1,2,3,0,2,1,Conservative,3,0.75,1.5
11.109,1.8,10,6,3,3,0,8,8,Chaotic,9,1.6,0.8181818181818182
13.948,3.4,5,0,1,2,0,0,0,Conservative,1,0.0,0.16666666666666666
12.144,2.3,13,6,6,0,0,8,4,Aggressive,12,0.9230769230769231,0.8571428571428571
34.528,5.2,8,2,1,0,0,0,0,Slow,3,0.0,0.3333333333333333
28.247,5.5,26,6,2,3,0,10,7,Chaotic,8,1.8888888888888888,0.2962962962962963
34.983,4.8,6,1,0,0,0,2,2,Slow,1,2.0,0.14285714285714285
15.045,3.2,4,0,1,0,0,2,2,Conservative,1,2.0,0.2
25.575,5.0,1,1,2,0,0,1,1,Slow,3,0.5,1.5
10.875,2.0,5,0,3,2,0,1,0,Pro,3,0.25,0.5
8.927,2.1,0,4,1,1,0,2,0,Pro,5,0.3333333333333333,5.0
14.0,4.0,19,0,2,2,0,7,6,Clumsy,2,4.333333333333333,0.1
15.722,3.4,6,0,2,1,0,2,0,Conservative,2,0.6666666666666666,0.2857142857142857
28.097,5.6,37,3,3,1,0,4,6,Clumsy,6,1.4285714285714286,0.15789473684210525
14.439,3.3,5,0,1,2,0,1,2,Conservative,1,1.5,0.16666666666666666
10.0,2.0,0,0,2,3,0,1,1,Conservative,2,0.6666666666666666,2.0
10.282,2.4,5,0,0,1,0,2,2,Conservative,0,4.0,0.0
12.093,2.3,13,5,3,4,0,4,3,Aggressive,8,0.7777777777777778,0.5714285714285714
24.66,4.6,4,0,2,2,0,2,0,Slow,2,0.6666666666666666,0.4
23.994,4.8,2,2,2,0,0,2,2,Slow,4,0.8,1.3333333333333333
19.274,3.8,16,6,0,4,0,10,3,Chaotic,6,1.8571428571428572,0.35294117647058826
8.951,3.5,3,0,0,0,0,2,0,Conservative,0,2.0,0.0
27.719,4.3,4,2,2,0,0,0,1,Slow,4,0.2,0.8
21.623,4.2,1,0,0,0,0,0,1,Slow,0,1.0,0.0
27.721,5.6,40,1,1,1,1,3,6,Clumsy,2,3.0,0.04878048780487805
17.225,3.8,6,0,1,1,0,2,0,Conservative,1,1.0,0.14285714285714285
20.87,4.6,28,1,3,0,0,5,4,Clumsy,4,1.8,0.13793103448275862
14.248,3.1,3,0,2,1,0,2,1,Conservative,2,1.0,0.5
7.0,1.1,0,2,1,0,0,1,0,Pro,3,0.25,3.0
11.72,2.4,1,1,0,1,0,0,0,Conservative,1,0.0,0.5
10.346,1.9,10,5,5,2,0,3,4,Aggressive,10,0.6363636363636364,0.9090909090909091
9.05,1.6,3,0,0,5,0,0,2,Pro,0,2.0,0.0
10.523,2.1,13,6,3,0,0,8,5,Aggressive,9,1.3,0.6428571428571429
31.61,5.1,7,0,2,0,0,1,0,Slow,2,0.3333333333333333,0.25
17.094,4.5,20,1,1,0,0,3,3,Clumsy,2,2.0,0.09523809523809523
24.185,4.5,1,1,1,0,0,0,1,Slow,2,0.3333333333333333,1.0
11.306,2.3,0,1,2,0,0,2,2,Conservative,3,1.0,3.0
14.0,2.7,18,7,5,0,0,8,6,Aggressive,12,1.0769230769230769,0.631578947368421
14.455,4.0,22,3,2,2,0,3,4,Clumsy,5,1.1666666666666667,0.21739130434782608
19.491,4.6,25,3,2,2,0,4,6,Clumsy,5,1.6666666666666667,0.19230769230769232
24.493,5.2,33,0,1,0,0,6,6,Clumsy,1,6.0,0.029411764705882353
25.394,5.6,36,2,1,1,0,4,4,Clumsy,3,2.0,0.08108108108108109
34.909,5.5,8,1,2,2,0,2,1,Slow,3,0.75,0.3333333333333333
40.0,6.0,10,2,1,2,0,1,0,Slow,3,0.25,0.2727272727272727
10.881,2.5,4,0,0,1,0,2,2,Conservative,0,4.0,0.0
16.015,2.5,1,1,0,2,0,2,0,Conservative,1,1.0,0.5
39.307,6.0,9,1,2,2,0,1,1,Slow,3,0.5,0.3
24.972,5.1,34,1,1,2,0,4,3,Clumsy,2,2.3333333333333335,0.05714285714285714
26.856,5.5,35,2,3,1,0,5,5,Clumsy,5,1.6666666666666667,0.1388888888888889
23.541,5.1,32,0,3,0,0,4,4,Clumsy,3,2.0,0.09090909090909091
12.909,2.3,16,6,2,4,0,5,5,Aggressive,8,1.1111111111111112,0.47058823529411764
12.144,1.9,12,2,5,5,0,8,3,Chaotic,7,1.375,0.5384615384615384
13.298,2.7,3,2,1,1,0,0,0,Conservative,3,0.0,0.75
22.9,5.0,26,2,3,0,0,3,6,Clumsy,5,1.5,0.18518518518518517
35.326,5.4,9,0,0,2,0,0,0,Slow,0,0.0,0.0
19.603,5.5,15,2,0,0,0,7,6,Clumsy,2,4.333333333333333,0.125
11.906,2.5,13,5,6,1,0,7,3,Aggressive,11,0.8333333333333334,0.7857142857142857
7.184,1.1,0,2,3,5,0,0,2,Pro,5,0.3333333333333333,5.0
20.496,5.1,30,3,3,1,0,4,4,Clumsy,6,1.1428571428571428,0.1935483870967742
37.33,6.0,9,2,2,2,0,0,0,Slow,4,0.0,0.4
7.0,1.0,8,4,8,0,0,10,3,Chaotic,12,1.0,1.3333333333333333
20.986,4.2,1,2,1,0,0,0,1,Slow,3,0.25,1.5
36.764,4.1,7,1,1,0,0,0,0,Slow,2,0.0,0.25
12.751,2.5,15,2,6,2,0,9,3,Chaotic,8,1.3333333333333333,0.5
9.106,1.6,2,0,1,1,0,1,0,Pro,1,0.5,0.3333333333333333
20.568,4.3,0,0,2,2,0,0,0,Slow,2,0.0,2.0
26.638,5.8,35,2,3,0,0,7,4,Clumsy,5,1.8333333333333333,0.1388888888888889
7.895,1.3,8,3,4,1,0,6,5,Aggressive,7,1.375,0.7777777777777778
19.864,4.9,26,0,0,1,0,6,6,Clumsy,0,12.0,0.0
12.823,2.7,17,7,5,0,0,8,3,Aggressive,12,0.8461538461538461,0.6666666666666666
12.65,2.3,14,4,4,4,0,8,6,Aggressive,8,1.5555555555555556,0.5333333333333333
11.408,2.2,13,6,6,0,0,5,3,Aggressive,12,0.6153846153846154,0.8571428571428571
23.818,4.8,24,6,0,0,0,8,7,Chaotic,6,2.142857142857143,0.24
15.704,3.5,5,2,1,0,0,1,1,Conservative,3,0.5,0.5
12.843,2.5,14,4,6,2,0,8,3,Aggressive,10,1.0,0.6666666666666666
10.291,1.8,4,0,3,1,0,2,2,Pro,3,1.0,0.6
12.791,2.7,13,4,6,1,1,6,3,Aggressive,10,0.8181818181818182,0.7142857142857143
29.483,4.6,5,1,0,1,0,2,2,Slow,1,2.0,0.16666666666666666
14.911,3.1,6,0,1,2,0,1,0,Conservative,1,0.5,0.14285714285714285
11.818,2.8,1,0,1,3,0,0,2,Conservative,1,1.0,0.5
25.807,5.3,35,3,2,0,0,3,5,Clumsy,5,1.3333333333333333,0.1388888888888889
17.704,4.0,8,2,1,3,0,0,2,Conservative,3,0.5,0.3333333333333333
39.395,5.9,9,0,2,1,0,0,2,Slow,2,0.6666666666666666,0.2
10.202,1.9,12,1,7,4,0,5,3,Aggressive,8,0.8888888888888888,0.6153846153846154
23.888,5.9,35,1,1,2,0,8,5,Clumsy,2,4.333333333333333,0.05555555555555555
28.132,6.0,40,2,2,1,0,6,4,Clumsy,4,2.0,0.0975609756097561
24.935,4.7,3,2,2,0,0,2,0,Slow,4,0.4,1.0
12.04,2.4,2,1,1,2,0,1,2,Conservative,2,1.0,0.6666666666666666
9.124,1.7,2,1,1,5,0,1,2,Pro,2,1.0,0.6666666666666666
11.889,2.2,16,6,5,1,0,5,3,Aggressive,11,0.6666666666666666,0.6470588235294118
35.026,5.2,7,2,2,0,0,2,0,Slow,4,0.4,0.5
17.9,4.6,23,3,2,2,0,4,4,Clumsy,5,1.3333333333333333,0.20833333333333334
12.985,2.9,2,1,0,1,0,1,0,Conservative,1,0.5,0.3333333333333333
15.237,3.4,5,1,1,1,0,2,2,Conservative,2,1.3333333333333333,0.3333333333333333
10.0,2.0,1,1,1,1,0,2,0,Conservative,2,0.6666666666666666,1.0
40.0,5.8,10,0,0,1,0,1,0,Slow,0,1.0,0.0
11.671,5.6,16,0,1,2,0,7,3,Clumsy,1,5.0,0.058823529411764705
37.599,5.8,9,1,2,2,0,1,1,Slow,3,0.5,0.3
30.917,5.1,6,1,2,2,0,0,1,Slow,3,0.25,0.42857142857142855
27.415,5.8,37,2,0,2,0,7,5,Clumsy,2,4.0,0.05263157894736842
11.606,2.4,13,7,4,1,0,5,3,Aggressive,11,0.6666666666666666,0.7857142857142857
20.699,4.3,18,2,6,0,0,3,4,Chaotic,8,0.7777777777777778,0.42105263157894735
27.013,4.8,4,2,0,0,0,1,1,Slow,2,0.6666666666666666,0.4
10.749,2.1,11,3,3,2,0,7,6,Aggressive,6,1.8571428571428572,0.5
30.75,3.8,40,3,2,1,0,5,5,Clumsy,5,1.6666666666666667,0.12195121951219512
28.189,5.6,38,3,2,0,0,3,4,Clumsy,5,1.1666666666666667,0.1282051282051282
15.603,2.7,19,1,2,3,0,5,7,Chaotic,3,3.0,0.15
10.229,2.3,1,0,0,2,0,2,2,Conservative,0,4.0,0.0
26.0,4.3,2,0,2,0,0,0,1,Slow,2,0.3333333333333333,0.6666666666666666
20.0,4.0,1,1,2,0,0,0,0,Slow,3,0.0,1.5
32.081,5.1,4,1,2,2,0,0,2,Slow,3,0.5,0.6
19.69,4.6,25,3,0,2,0,7,4,Clumsy,3,2.75,0.11538461538461539
10.25,1.9,9,6,4,1,0,8,4,Aggressive,10,1.0909090909090908,1.0
37.03,5.4,8,0,0,2,0,2,1,Slow,0,3.0,0.0
21.139,4.4,26,2,0,2,0,8,5,Clumsy,2,4.333333333333333,0.07407407407407407
13.08,2.6,16,7,2,2,1,6,6,Aggressive,9,1.2,0.5294117647058824
11.089,2.0,1,2,2,0,0,2,1,Conservative,4,0.6,2.0
8.205,1.0,10,2,2,4,0,8,6,Chaotic,4,2.8,0.36363636363636365
9.186,1.5,9,7,4,1,0,4,3,Aggressive,11,0.5833333333333334,1.1
8.179,1.3,1,2,3,5,0,2,2,Pro,5,0.6666666666666666,2.5
16.147,4.1,21,3,1,0,0,7,4,Clumsy,4,2.2,0.18181818181818182
19.444,4.6,25,2,2,2,0,3,3,Clumsy,4,1.2,0.15384615384615385
29.537,5.9,38,0,2,1,0,8,6,Clumsy,2,4.666666666666667,0.05128205128205128
11.97,3.3,5,1,2,1,0,0,0,Conservative,3,0.0,0.5
15.416,3.5,5,0,2,1,0,1,0,Conservative,2,0.3333333333333333,0.3333333333333333
11.407,2.2,2,2,1,0,0,0,1,Conservative,3,0.25,1.0
7.361,1.0,0,4,3,5,0,1,2,Pro,7,0.375,7.0
13.122,2.6,15,3,7,2,0,10,3,Chaotic,10,1.1818181818181819,0.625
27.489,5.9,36,0,3,1,0,4,6,Clumsy,3,2.5,0.08108108108108109
26.689,4.1,3,1,0,0,0,1,1,Slow,1,1.0,0.25
26.377,5.0,25,7,0,1,1,6,6,Chaotic,7,1.5,0.2692307692307692
27.676,4.9,1,0,2,0,0,0,1,Slow,2,0.3333333333333333,1.0
15.833,3.2,6,1,1,1,0,0,2,Conservative,2,0.6666666666666666,0.2857142857142857
15.534,4.4,20,3,2,0,0,5,3,Clumsy,5,1.3333333333333333,0.23809523809523808
10.936,2.1,1,1,1,2,0,0,2,Conservative,2,0.6666666666666666,1.0
17.908,4.0,7,1,0,0,0,0,1,Conservative,1,0.5,0.125
21.198,5.7,1,2,2,0,0,0,1,Slow,4,0.2,2.0
27.772,4.5,5,1,0,0,0,1,0,Slow,1,0.5,0.16666666666666666
19.802,4.6,23,2,2,1,0,3,5,Clumsy,4,1.6,0.16666666666666666
19.558,4.8,26,0,1,1,0,4,6,Clumsy,1,5.0,0.037037037037037035
10.563,1.9,13,5,6,1,0,7,3,Chaotic,11,0.8333333333333334,0.7857142857142857
12.875,2.7,14,5,3,2,0,8,6,Aggressive,8,1.5555555555555556,0.5333333333333333
12.367,2.4,13,4,4,1,0,6,5,Aggressive,8,1.2222222222222223,0.5714285714285714
10.0,2.0,0,1,2,1,0,2,1,Conservative,3,0.75,3.0
24.541,4.6,0,0,0,1,0,2,0,Slow,0,2.0,0.0
21.092,4.1,2,0,1,1,0,2,2,Slow,1,2.0,0.3333333333333333
20.691,5.0,30,2,3,0,0,7,4,Clumsy,5,1.8333333333333333,0.16129032258064516
31.213,5.2,4,0,2,1,0,1,2,Slow,2,1.0,0.4
24.535,4.3,25,1,0,1,0,6,6,Chaotic,1,6.0,0.038461538461538464
32.803,5.1,7,2,2,2,0,1,2,Slow,4,0.6,0.5
20.08,4.0,0,0,1,1,0,0,2,Slow,1,1.0,1.0
13.681,2.8,4,0,2,0,0,1,2,Conservative,2,1.0,0.4
9.879,1.7,9,3,6,3,0,3,5,Aggressive,9,0.8,0.9
37.432,6.0,8,2,2,0,0,0,1,Slow,4,0.2,0.4444444444444444
7.149,1.1,1,2,2,0,0,2,1,Pro,4,0.6,2.0
13.398,1.5,13,4,0,2,0,5,8,Chaotic,4,2.6,0.2857142857142857
11.27,2.2,11,5,7,0,0,6,4,Aggressive,12,0.7692307692307693,1.0
24.346,3.9,7,1,2,0,0,1,2,Slow,3,0.75,0.375
11.392,2.3,13,5,2,5,0,7,5,Aggressive,7,1.5,0.5
28.153,5.7,35,1,0,2,0,8,4,Clumsy,1,6.0,0.027777777777777776
11.993,2.6,14,3,8,1,0,4,5,Aggressive,11,0.75,0.7333333333333333
15.456,3.1,5,1,2,3,0,0,2,Conservative,3,0.5,0.5
30.0,5.8,37,2,1,1,0,4,5,Clumsy,3,2.25,0.07894736842105263
27.078,4.6,5,1,0,2,0,2,1,Slow,1,1.5,0.16666666666666666
15.418,3.7,5,1,0,2,0,0,0,Conservative,1,0.0,0.16666666666666666
24.656,5.4,23,3,4,2,0,10,7,Chaotic,7,2.125,0.2916666666666667
15.577,3.4,5,1,1,2,0,1,2,Conservative,2,1.0,0.3333333333333333
31.369,4.9,6,0,2,0,0,2,0,Slow,2,0.6666666666666666,0.2857142857142857
17.685,4.6,20,1,2,2,0,6,4,Clumsy,3,2.5,0.14285714285714285
8.0,1.0,8,4,3,5,0,7,3,Aggressive,7,1.25,0.7777777777777778
10.772,2.2,2,1,2,0,0,2,0,Conservative,3,0.5,1.0
11.606,2.1,13,5,7,0,0,7,6,Aggressive,12,1.0,0.8571428571428571
12.502,2.5,2,1,0,3,0,2,0,Conservative,1,1.0,0.3333333333333333
29.409,4.9,4,2,1,2,0,2,1,Slow,3,0.75,0.6
9.786,1.9,10,4,5,0,0,8,3,Aggressive,9,1.1,0.8181818181818182
10.632,2.2,1,0,2,3,0,2,2,Conservative,2,1.3333333333333333,1.0
7.504,1.3,1,0,1,1,0,2,0,Pro,1,1.0,0.5
11.488,2.3,12,3,8,1,0,7,4,Aggressive,11,0.9166666666666666,0.8461538461538461
24.993,5.4,32,0,1,2,0,3,4,Clumsy,1,3.5,0.030303030303030304
8.344,1.0,5,3,5,4,0,3,6,Aggressive,8,1.0,1.3333333333333333
12.849,2.7,5,1,1,1,0,2,1,Conservative,2,1.0,0.3333333333333333
10.96,2.2,10,3,6,3,0,6,3,Aggressive,9,0.9,0.8181818181818182
26.264,4.8,27,1,8,3,0,7,8,Chaotic,9,1.5,0.32142857142857145
22.547,4.9,20,2,6,2,0,9,4,Chaotic,8,1.4444444444444444,0.38095238095238093
18.0,3.6,7,1,0,0,0,2,2,Conservative,1,2.0,0.125
10.981,1.9,6,0,0,3,0,1,0,Pro,0,1.0,0.0
10.598,1.9,10,5,4,3,0,5,3,Aggressive,9,0.8,0.8181818181818182
14.42,3.0,3,1,1,1,0,1,2,Conservative,2,1.0,0.5
27.897,5.9,37,2,1,0,0,8,4,Clumsy,3,3.0,0.07894736842105263
11.481,2.1,3,2,1,1,0,2,2,Conservative,3,1.0,0.75
18.575,3.5,16,0,8,4,0,4,6,Chaotic,8,1.1111111111111112,0.47058823529411764
22.7,5.5,20,5,2,2,0,3,5,Chaotic,7,1.0,0.3333333333333333
10.585,2.0,1,0,2,1,0,0,2,Conservative,2,0.6666666666666666,1.0
12.453,2.6,14,5,7,0,0,8,5,Aggressive,12,1.0,0.8
19.1,2.3,17,1,1,4,0,7,4,Chaotic,2,3.6666666666666665,0.1111111111111111
12.17,1.9,15,0,7,5,0,8,5,Aggressive,7,1.625,0.4375
17.524,4.4,18,3,3,0,0,5,5,Clumsy,6,1.4285714285714286,0.3157894736842105
27.928,5.5,37,0,1,2,0,6,6,Clumsy,1,6.0,0.02631578947368421
10.0,2.0,0,2,1,2,0,1,0,Conservative,3,0.25,3.0
24.805,5.3,31,2,1,1,0,7,5,Clumsy,3,3.0,0.09375
10.562,2.0,1,1,0,0,0,1,0,Conservative,1,0.5,0.5
12.418,2.7,2,2,2,1,0,2,1,Conservative,4,0.6,1.3333333333333333
25.226,5.6,34,3,3,0,0,3,3,Clumsy,6,0.8571428571428571,0.17142857142857143
10.451,1.8,10,0,5,3,0,4,5,Chaotic,5,1.5,0.45454545454545453
24.179,4.3,3,1,1,0,0,0,2,Slow,2,0.6666666666666666,0.5
40.0,6.0,10,2,2,0,0,2,1,Slow,4,0.6,0.36363636363636365
15.851,2.8,18,1,8,0,0,6,4,Chaotic,9,1.0,0.47368421052631576
31.257,6.0,43,1,3,2,0,7,5,Clumsy,4,2.4,0.09090909090909091
9.864,1.7,10,5,3,3,0,7,3,Aggressive,8,1.1111111111111112,0.7272727272727273
24.103,4.0,28,1,0,0,0,4,3,Clumsy,1,3.5,0.034482758620689655
26.243,5.4,35,3,0,1,0,7,4,Clumsy,3,2.75,0.08333333333333333
18.785,1.9,6,1,2,2,0,2,1,Conservative,3,0.75,0.42857142857142855
14.0,3.0,18,5,5,2,0,8,4,Aggressive,10,1.0909090909090908,0.5263157894736842
18.087,4.6,25,1,2,1,0,3,5,Clumsy,3,2.0,0.11538461538461539
12.982,2.5,3,1,1,3,0,0,2,Conservative,2,0.6666666666666666,0.5
32.789,5.4,6,0,1,2,0,0,2,Slow,1,1.0,0.14285714285714285
30.0,5.8,27,5,1,1,0,4,7,Chaotic,6,1.5714285714285714,0.21428571428571427
21.922,4.0,1,1,0,2,0,0,1,Slow,1,0.5,0.5
22.131,4.7,30,0,3,1,0,3,5,Clumsy,3,2.0,0.0967741935483871
42.153,4.6,2,2,0,2,0,0,0,Slow,2,0.0,0.6666666666666666
28.054,5.7,26,4,6,2,0,5,4,Chaotic,10,0.8181818181818182,0.37037037037037035
10.807,1.9,10,8,0,4,0,8,6,Chaotic,8,1.5555555555555556,0.7272727272727273
20.31,4.7,17,1,6,2,0,3,6,Chaotic,7,1.125,0.3888888888888889
11.981,2.5,3,0,0,3,0,2,0,Conservative,0,2.0,0.0
24.297,4.5,3,1,1,0,0,2,2,Slow,2,1.3333333333333333,0.5
17.818,3.8,7,2,1,0,0,0,1,Conservative,3,0.25,0.375
4.614,2.1,21,3,6,3,0,3,3,Chaotic,9,0.6,0.4090909090909091
13.852,2.9,5,1,1,1,0,0,1,Conservative,2,0.3333333333333333,0.3333333333333333
12.466,2.8,3,0,1,0,0,0,2,Conservative,1,1.0,0.25
23.709,4.1,1,1,1,0,0,0,2,Slow,2,0.6666666666666666,1.0
22.591,4.1,1,0,0,2,0,1,2,Slow,0,3.0,0.0
11.051,2.0,13,3,5,4,0,4,4,Aggressive,8,0.8888888888888888,0.5714285714285714
20.746,4.2,2,0,1,1,0,2,0,Slow,1,1.0,0.3333333333333333
9.433,1.5,7,4,7,1,0,6,6,Aggressive,11,1.0,1.375
31.574,5.1,5,0,1,2,0,1,2,Slow,1,1.5,0.16666666666666666
8.962,1.5,3,4,0,0,0,2,0,Pro,4,0.4,1.0
8.895,1.3,8,4,4,1,0,8,3,Aggressive,8,1.2222222222222223,0.8888888888888888
29.922,5.0,5,1,0,2,0,2,1,Slow,1,1.5,0.16666666666666666
10.51,2.1,1,1,0,2,0,1,2,Conservative,1,1.5,0.5
13.43,3.3,3,1,2,0,0,2,2,Conservative,3,1.0,0.75
12.382,2.4,2,2,1,3,0,0,0,Conservative,3,0.0,1.0
34.527,5.5,8,2,2,1,0,2,2,Slow,4,0.8,0.4444444444444444
10.501,1.7,0,5,1,0,0,1,2,Pro,6,0.42857142857142855,6.0
13.49,2.7,18,7,2,3,0,7,3,Aggressive,9,1.0,0.47368421052631576
10.405,1.8,9,2,3,2,0,6,3,Chaotic,5,1.5,0.5
35.388,5.6,6,0,1,2,0,0,1,Slow,1,0.5,0.14285714285714285
7.835,2.1,0,3,0,5,0,2,2,Pro,3,1.0,3.0
20.922,4.1,21,6,0,2,0,6,3,Chaotic,6,1.2857142857142858,0.2727272727272727
15.232,3.1,6,1,2,1,0,2,1,Conservative,3,0.75,0.42857142857142855
16.216,3.6,6,0,0,0,0,0,2,Conservative,0,2.0,0.0
36.332,5.6,8,2,0,0,0,2,2,Slow,2,1.3333333333333333,0.2222222222222222
9.142,1.5,8,5,5,2,0,3,3,Aggressive,10,0.5454545454545454,1.1111111111111112
20.279,5.3,26,1,2,0,0,4,4,Clumsy,3,2.0,0.1111111111111111
12.399,3.0,13,5,5,2,0,3,4,Aggressive,10,0.6363636363636364,0.7142857142857143
28.556,2.4,13,6,4,0,0,9,6,Chaotic,10,1.3636363636363635,0.7142857142857143
10.64,2.0,6,5,2,3,0,0,1,Pro,7,0.125,1.0
12.853,2.7,4,2,1,3,0,1,1,Conservative,3,0.5,0.6
11.624,2.7,2,0,0,0,0,2,2,Conservative,0,4.0,0.0
20.151,4.8,30,0,3,2,0,3,5,Clumsy,3,2.0,0.0967741935483871
16.539,3.9,6,1,1,2,0,0,2,Conservative,2,0.6666666666666666,0.2857142857142857
15.668,3.9,5,0,1,3,0,1,2,Conservative,1,1.5,0.16666666666666666
15.209,3.3,4,1,1,1,0,2,0,Conservative,2,0.6666666666666666,0.4
9.418,1.2,7,8,3,0,0,6,3,Aggressive,11,0.75,1.375
10.1,1.8,5,4,2,1,0,1,2,Pro,6,0.42857142857142855,1.0
18.127,4.0,18,4,8,0,0,3,3,Chaotic,12,0.46153846153846156,0.631578947368421
30.914,4.8,5,1,2,2,0,2,1,Slow,3,0.75,0.5
23.576,4.5,2,1,0,1,0,0,0,Slow,1,0.0,0.3333333333333333
40.94,5.7,7,0,2,0,0,0,1,Slow,2,0.3333333333333333,0.25
28.635,5.0,4,1,0,2,0,1,1,Slow,1,1.0,0.2
19.859,3.5,21,7,4,1,0,6,8,Chaotic,11,1.1666666666666667,0.5
24.736,4.3,37,2,0,1,0,4,5,Clumsy,2,3.0,0.05263157894736842
17.587,3.7,5,2,1,1,0,0,0,Conservative,3,0.0,0.5
10.375,2.1,1,0,0,3,0,2,0,Conservative,0,2.0,0.0
22.745,4.2,1,2,0,2,0,2,0,Slow,2,0.6666666666666666,1.0
12.2,5.3,43,1,1,0,0,3,3,Clumsy,2,2.0,0.045454545454545456
30.8,5.1,6,0,2,1,0,0,1,Slow,2,0.3333333333333333,0.2857142857142857
31.406,5.2,6,0,0,0,0,0,0,Slow,0,0.0,0.0
10.425,1.8,10,5,6,1,0,7,6,Aggressive,11,1.0833333333333333,1.0
32.09,5.1,5,0,1,1,0,1,0,Slow,1,0.5,0.16666666666666666
10.752,2.5,20,2,6,4,0,4,6,Chaotic,8,1.1111111111111112,0.38095238095238093
14.748,3.2,4,0,0,2,0,1,0,Conservative,0,1.0,0.0
24.105,5.0,30,0,1,0,0,4,4,Clumsy,1,4.0,0.03225806451612903
7.523,1.0,1,4,1,4,0,1,1,Pro,5,0.3333333333333333,2.5
26.052,5.8,35,3,1,2,0,3,6,Clumsy,4,1.8,0.1111111111111111
22.145,4.4,21,7,2,3,0,8,7,Chaotic,9,1.5,0.4090909090909091
12.581,2.3,15,4,6,0,0,8,4,Aggressive,10,1.0909090909090908,0.625
23.117,5.4,32,2,2,0,1,8,6,Clumsy,4,2.8,0.12121212121212122
15.533,4.4,21,3,0,2,0,6,3,Clumsy,3,2.25,0.13636363636363635
16.429,3.8,7,1,0,0,0,1,2,Conservative,1,1.5,0.125
23.192,4.3,3,2,2,2,0,2,2,Slow,4,0.8,1.0
11.139,2.3,11,4,6,2,0,5,3,Aggressive,10,0.7272727272727273,0.8333333333333334
21.009,4.3,18,5,4,3,0,5,7,Chaotic,9,1.2,0.47368421052631576
18.208,4.2,15,7,4,0,0,8,7,Chaotic,11,1.25,0.6875
15.469,3.2,5,0,2,0,0,0,0,Conservative,2,0.0,0.3333333333333333
27.975,5.9,38,1,0,2,0,8,3,Clumsy,1,5.5,0.02564102564102564
12.053,2.4,2,0,2,0,0,1,2,Conservative,2,1.0,0.6666666666666666
13.659,2.9,3,1,1,1,0,0,2,Conservative,2,0.6666666666666666,0.5
9.093,2.0,12,8,1,3,0,9,6,Chaotic,9,1.5,0.6923076923076923
18.661,4.7,22,0,0,2,0,4,3,Clumsy,0,7.0,0.0
12.788,2.6,14,4,4,0,0,6,3,Aggressive,8,1.0,0.5333333333333333
8.225,1.5,2,2,1,2,0,2,2,Pro,3,1.0,1.0
16.741,3.8,6,2,2,2,0,1,2,Conservative,4,0.6,0.5714285714285714
7.0,1.0,11,5,5,2,0,7,5,Chaotic,10,1.0909090909090908,0.8333333333333334
10.571,2.2,4,2,2,2,0,2,0,Conservative,4,0.4,0.8
29.806,5.2,27,1,0,1,0,5,5,Chaotic,1,5.0,0.03571428571428571
20.767,4.4,29,3,1,2,0,7,5,Clumsy,4,2.4,0.13333333333333333
12.578,2.4,2,2,0,0,0,0,0,Conservative,2,0.0,0.6666666666666666
13.866,2.7,3,0,0,2,0,2,1,Conservative,0,3.0,0.0
18.139,4.2,4,0,0,1,0,2,0,Conservative,0,2.0,0.0
29.807,4.7,4,2,0,2,0,2,1,Slow,2,1.0,0.4
16.376,3.9,6,1,2,2,0,0,0,Conservative,3,0.0,0.42857142857142855
12.158,2.6,2,2,2,1,0,0,1,Conservative,4,0.2,1.3333333333333333
25.615,4.6,2,2,0,1,0,2,1,Slow,2,1.0,0.6666666666666666
18.253,4.8,23,2,2,0,0,7,5,Clumsy,4,2.4,0.16666666666666666
29.197,5.9,39,3,1,1,0,3,6,Clumsy,4,1.8,0.1
35.495,5.6,8,1,1,0,0,2,0,Slow,2,0.6666666666666666,0.2222222222222222
20.703,4.1,1,0,2,2,0,1,1,Slow,2,0.6666666666666666,1.0
12.639,2.2,15,3,7,2,0,7,4,Aggressive,10,1.0,0.625
17.176,4.3,22,0,0,0,0,8,4,Clumsy,0,12.0,0.0
22.33,5.3,34,2,2,0,0,7,4,Clumsy,4,2.2,0.11428571428571428
29.637,4.9,6,0,2,2,0,2,0,Slow,2,0.6666666666666666,0.2857142857142857
20.949,4.1,0,1,1,2,0,0,0,Slow,2,0.0,2.0
26.199,5.8,31,3,2,0,0,7,4,Clumsy,5,1.8333333333333333,0.15625
27.182,5.6,36,3,3,1,0,3,4,Clumsy,6,1.0,0.16216216216216217
24.101,5.4,17,7,2,1,0,5,8,Chaotic,9,1.3,0.5
27.559,5.7,39,1,1,2,0,6,3,Clumsy,2,3.0,0.05
13.286,2.9,14,5,4,0,0,5,6,Aggressive,9,1.1,0.6
13.516,2.9,18,6,5,1,0,8,4,Aggressive,11,1.0,0.5789473684210527
10.118,2.0,4,2,2,3,0,1,0,Pro,4,0.2,0.8
20.564,5.1,28,0,2,2,0,5,3,Clumsy,2,2.6666666666666665,0.06896551724137931
26.865,5.4,35,1,2,1,0,6,3,Clumsy,3,2.25,0.08333333333333333
18.0,4.0,7,0,0,2,0,1,0,Conservative,0,1.0,0.0
25.697,5.4,31,2,3,1,0,6,5,Clumsy,5,1.8333333333333333,0.15625
27.015,5.3,35,2,3,1,0,8,3,Clumsy,5,1.8333333333333333,0.1388888888888889
11.35,1.7,1,5,0,0,0,0,0,Pro,5,0.0,2.5
9.811,1.7,9,6,6,0,0,7,6,Aggressive,12,1.0,1.2
22.51,3.7,19,3,4,0,0,4,3,Chaotic,7,0.875,0.35
30.0,5.4,28,0,7,5,0,5,3,Chaotic,7,1.0,0.2413793103448276
18.0,4.0,7,0,2,1,0,1,1,Conservative,2,0.6666666666666666,0.25
15.418,3.2,5,0,1,0,0,1,0,Conservative,1,0.5,0.16666666666666666
26.165,5.6,21,2,0,1,0,4,4,Chaotic,2,2.6666666666666665,0.09090909090909091
34.462,5.1,6,2,1,0,0,1,0,Slow,3,0.25,0.42857142857142855
16.303,3.7,7,1,1,2,0,1,2,Conservative,2,1.0,0.25
17.028,3.6,7,1,1,1,0,0,2,Conservative,2,0.6666666666666666,0.25
20.534,4.7,29,3,1,0,0,7,6,Clumsy,4,2.6,0.13333333333333333
12.098,2.6,1,1,1,3,0,2,1,Conservative,2,1.0,1.0
15.111,4.2,19,1,0,1,0,5,6,Clumsy,1,5.5,0.05
24.012,4.6,3,2,1,1,0,2,0,Slow,3,0.5,0.75
21.355,4.6,28,1,1,2,0,7,3,Clumsy,2,3.3333333333333335,0.06896551724137931
9.005,1.3,8,7,5,0,0,6,3,Aggressive,12,0.6923076923076923,1.3333333333333333
16.563,3.6,7,0,1,3,0,0,2,Conservative,1,1.0,0.125
18.907,4.8,19,3,0,2,0,8,5,Clumsy,3,3.25,0.15
13.154,2.8,17,8,4,0,0,7,4,Aggressive,12,0.8461538461538461,0.6666666666666666
15.122,4.3,20,3,2,1,0,4,4,Clumsy,5,1.3333333333333333,0.23809523809523808
8.85,1.2,7,7,4,0,0,4,6,Aggressive,11,0.8333333333333334,1.375
30.0,5.7,40,0,0,0,0,5,4,Clumsy,0,9.0,0.0
25.495,4.4,24,5,3,4,0,9,3,Chaotic,8,1.3333333333333333,0.32
12.174,2.7,13,3,4,3,0,8,6,Chaotic,7,1.75,0.5
32.317,4.8,6,1,2,0,0,0,1,Slow,3,0.25,0.42857142857142855
29.948,4.8,6,0,1,0,0,2,1,Slow,1,1.5,0.14285714285714285
7.76,1.2,1,1,3,5,0,1,0,Pro,4,0.2,2.0
15.222,3.8,6,2,2,1,0,0,0,Conservative,4,0.0,0.5714285714285714
17.527,4.5,22,1,2,1,0,7,6,Clumsy,3,3.25,0.13043478260869565
16.154,3.1,6,1,2,0,0,0,0,Conservative,3,0.0,0.42857142857142855
11.557,2.1,11,7,5,0,0,6,3,Chaotic,12,0.6923076923076923,1.0
20.654,5.2,28,2,0,1,0,8,4,Clumsy,2,4.0,0.06896551724137931
19.929,4.6,29,0,3,2,0,7,6,Clumsy,3,3.25,0.1
37.76,6.0,9,0,0,2,0,2,1,Slow,0,3.0,0.0
28.511,5.9,27,7,4,1,0,6,6,Chaotic,11,1.0,0.39285714285714285
20.803,4.7,27,1,3,2,0,6,6,Clumsy,4,2.4,0.14285714285714285
15.826,4.1,20,0,2,2,0,4,4,Clumsy,2,2.6666666666666665,0.09523809523809523
11.466,2.1,11,4,5,3,0,8,7,Chaotic,9,1.5,0.75
36.831,5.7,8,2,0,1,0,0,1,Slow,2,0.3333333333333333,0.2222222222222222
10.352,2.3,0,1,1,2,0,1,0,Conservative,2,0.3333333333333333,2.0
9.305,1.3,8,7,3,2,0,6,5,Aggressive,10,1.0,1.1111111111111112
16.702,3.7,7,1,0,3,0,2,2,Conservative,1,2.0,0.125
13.847,3.0,18,4,3,2,0,8,5,Aggressive,7,1.625,0.3684210526315789
40.0,6.0,10,0,0,1,0,1,0,Slow,0,1.0,0.0
8.077,1.1,6,3,6,2,0,4,5,Aggressive,9,0.9,1.2857142857142858
27.992,4.9,18,2,0,1,0,4,5,Clumsy,2,3.0,0.10526315789473684
27.072,4.7,4,2,0,2,0,1,1,Slow,2,0.6666666666666666,0.4
11.843,2.1,3,0,1,2,0,1,1,Conservative,1,1.0,0.25
19.75,4.5,28,3,0,1,0,7,5,Clumsy,3,3.0,0.10344827586206896
29.009,5.0,4,0,2,1,0,2,2,Slow,2,1.3333333333333333,0.4
10.774,2.2,10,6,6,0,0,4,6,Aggressive,12,0.7692307692307693,1.0909090909090908
7.548,1.2,1,5,1,5,0,0,1,Pro,6,0.14285714285714285,3.0
20.706,4.9,24,3,1,0,0,6,3,Clumsy,4,1.8,0.16
21.894,4.3,21,4,1,1,0,3,7,Chaotic,5,1.6666666666666667,0.22727272727272727
11.939,2.2,12,7,3,2,0,8,6,Aggressive,10,1.2727272727272727,0.7692307692307693
37.144,4.6,2,0,2,1,0,0,2,Slow,2,0.6666666666666666,0.6666666666666666
14.633,2.9,4,2,1,3,0,1,0,Conservative,3,0.25,0.6
11.386,2.4,13,6,3,3,0,7,4,Aggressive,9,1.1,0.6428571428571429
25.78,4.7,3,2,1,1,0,0,0,Slow,3,0.0,0.75
21.242,4.1,1,0,1,0,0,1,0,Slow,1,0.5,0.5
11.243,2.6,1,1,1,1,0,2,1,Conservative,2,1.0,1.0
11.2,2.0,10,6,2,2,0,9,6,Chaotic,8,1.6666666666666667,0.7272727272727273
29.862,5.1,6,2,1,1,0,2,1,Slow,3,0.75,0.42857142857142855
22.572,4.4,17,7,1,0,0,7,4,Chaotic,8,1.2222222222222223,0.4444444444444444
18.0,4.0,7,0,1,3,0,2,0,Conservative,1,1.0,0.125
31.898,5.2,7,2,0,1,0,2,2,Slow,2,1.3333333333333333,0.25
13.651,3.1,5,0,1,1,0,0,0,Conservative,1,0.0,0.16666666666666666
14.989,1.2,19,3,6,1,0,3,8,Chaotic,9,1.1,0.45
39.653,6.0,9,2,2,1,0,1,0,Slow,4,0.2,0.4
12.97,2.7,3,1,0,0,0,1,2,Conservative,1,1.5,0.25
8.233,1.4,1,4,3,0,0,0,1,Pro,7,0.125,3.5
20.212,4.8,27,0,3,0,0,6,6,Clumsy,3,3.0,0.10714285714285714
25.113,5.4,37,3,3,0,0,5,5,Clumsy,6,1.4285714285714286,0.15789473684210525
38.017,5.8,8,0,1,0,0,2,0,Slow,1,1.0,0.1111111111111111
12.081,2.6,2,1,2,3,0,1,2,Conservative,3,0.75,1.0
11.308,2.0,0,1,1,2,0,2,1,Conservative,2,1.0,2.0
15.338,3.3,5,0,0,1,0,1,1,Conservative,0,2.0,0.0
12.77,3.0,3,2,0,3,0,1,1,Conservative,2,0.6666666666666666,0.5
21.409,4.0,2,1,1,2,0,1,0,Slow,2,0.3333333333333333,0.6666666666666666
25.516,4.6,2,0,2,0,0,2,2,Slow,2,1.3333333333333333,0.6666666666666666
13.869,2.6,4,1,2,2,0,2,0,Conservative,3,0.5,0.6
22.915,4.5,18,5,5,2,0,4,7,Chaotic,10,1.0,0.5263157894736842
17.273,4.0,7,0,2,3,1,2,1,Conservative,2,1.0,0.25
13.495,2.7,4,2,1,2,0,2,1,Conservative,3,0.75,0.6
7.0,1.0,9,7,2,2,0,5,3,Chaotic,9,0.8,0.9
15.071,4.7,18,3,7,0,0,8,8,Chaotic,10,1.4545454545454546,0.5263157894736842
18.343,4.7,30,1,0,2,0,6,3,Clumsy,1,4.5,0.03225806451612903
14.998,4.0,24,2,2,2,0,8,5,Clumsy,4,2.6,0.16
16.22,3.6,6,2,1,0,0,1,1,Conservative,3,0.5,0.42857142857142855
14.941,3.9,2,1,2,0,0,2,1,Conservative,3,0.75,1.0
28.804,2.0,31,1,7,0,0,10,8,Chaotic,8,2.0,0.25
10.846,1.9,6,3,3,1,0,0,0,Pro,6,0.0,0.8571428571428571
30.0,5.8,37,2,3,1,0,4,3,Clumsy,5,1.1666666666666667,0.13157894736842105
21.873,4.4,20,7,5,0,0,9,6,Chaotic,12,1.1538461538461537,0.5714285714285714
20.237,3.8,21,3,6,3,0,3,8,Chaotic,9,1.1,0.4090909090909091
12.845,2.6,15,5,4,0,0,6,5,Aggressive,9,1.1,0.5625
7.898,1.8,2,3,0,5,0,1,2,Pro,3,0.75,1.0
11.158,2.2,1,1,0,3,0,2,1,Conservative,1,1.5,0.5
14.495,3.0,5,0,2,1,0,1,2,Conservative,2,1.0,0.3333333333333333
30.0,6.0,39,3,0,0,0,3,4,Clumsy,3,1.75,0.075
29.796,4.5,4,2,0,0,0,2,0,Slow,2,0.6666666666666666,0.4
32.274,5.5,8,1,2,1,0,1,0,Slow,3,0.25,0.3333333333333333
40.0,6.0,8,0,1,0,0,0,1,Slow,1,0.5,0.1111111111111111
21.186,4.9,27,2,1,1,0,8,6,Clumsy,3,3.5,0.10714285714285714
17.88,4.3,27,2,1,2,0,5,6,Clumsy,3,2.75,0.10714285714285714
18.915,4.5,23,1,1,1,0,4,5,Clumsy,2,3.0,0.08333333333333333
18.476,4.7,27,3,3,1,0,5,6,Clumsy,6,1.5714285714285714,0.21428571428571427
24.659,4.6,3,0,0,1,0,0,0,Slow,0,0.0,0.0
28.27,4.9,4,2,0,2,0,1,2,Slow,2,1.0,0.4
15.906,3.0,6,0,1,2,0,1,1,Conservative,1,1.0,0.14285714285714285
8.668,1.4,2,2,1,3,0,2,1,Pro,3,0.75,1.0
11.161,1.6,10,0,3,0,0,9,4,Chaotic,3,3.25,0.2727272727272727
21.598,2.4,7,7,0,5,0,4,5,Chaotic,7,1.125,0.875
23.707,4.3,22,4,0,3,0,6,3,Chaotic,4,1.8,0.17391304347826086
28.27,5.7,38,1,3,1,0,4,5,Clumsy,4,1.8,0.10256410256410256
7.988,1.3,1,5,1,5,0,2,2,Pro,6,0.5714285714285714,3.0
25.816,5.3,35,0,3,0,0,6,3,Clumsy,3,2.25,0.08333333333333333
32.477,5.4,5,0,1,0,0,0,0,Slow,1,0.0,0.16666666666666666
14.494,3.2,2,2,2,1,0,1,0,Conservative,4,0.2,1.3333333333333333
8.318,1.2,6,5,5,2,0,3,4,Aggressive,10,0.6363636363636364,1.4285714285714286
37.147,5.6,7,1,1,2,0,2,2,Slow,2,1.3333333333333333,0.25
27.528,4.7,4,0,0,0,0,2,2,Slow,0,4.0,0.0
11.992,2.4,14,4,3,5,0,3,6,Aggressive,7,1.125,0.4666666666666667
8.603,1.5,8,4,3,3,0,8,4,Aggressive,7,1.5,0.7777777777777778
31.855,5.1,8,2,2,2,0,1,2,Slow,4,0.6,0.4444444444444444
10.966,3.7,6,1,2,1,0,1,1,Conservative,3,0.5,0.42857142857142855
29.468,6.0,36,3,0,2,0,5,5,Clumsy,3,2.5,0.08108108108108109
16.946,3.4,6,2,2,3,0,2,1,Conservative,4,0.6,0.5714285714285714
24.199,5.3,36,3,3,0,0,6,5,Clumsy,6,1.5714285714285714,0.16216216216216217
22.804,4.3,1,2,0,1,0,0,2,Slow,2,0.6666666666666666,1.0
12.279,3.1,2,2,1,1,0,2,1,Conservative,3,0.75,1.0
9.244,1.6,3,2,1,0,0,2,0,Pro,3,0.5,0.75
31.776,4.8,6,1,2,2,0,2,2,Slow,3,1.0,0.42857142857142855
8.227,1.2,2,2,3,0,0,1,2,Pro,5,0.5,1.6666666666666667
26.674,4.7,3,2,1,0,0,2,0,Slow,3,0.5,0.75
17.391,3.7,6,1,0,0,0,1,2,Conservative,1,1.5,0.14285714285714285
17.597,4.2,4,1,1,1,0,2,2,Conservative,2,1.3333333333333333,0.4
13.926,2.9,10,7,2,3,0,9,7,Chaotic,9,1.6,0.8181818181818182
15.447,3.4,6,1,1,1,0,2,1,Conservative,2,1.0,0.2857142857142857
7.0,1.0,8,1,6,5,0,6,6,Chaotic,7,1.5,0.7777777777777778
23.121,4.7,3,2,2,0,0,1,1,Slow,4,0.4,1.0
10.586,1.7,12,5,3,4,0,8,5,Aggressive,8,1.4444444444444444,0.6153846153846154
9.178,1.1,2,0,2,5,0,2,1,Pro,2,1.0,0.6666666666666666
22.373,4.4,0,2,0,2,0,2,0,Slow,2,0.6666666666666666,2.0
11.191,2.3,0,0,2,0,0,2,0,Conservative,2,0.6666666666666666,2.0
9.947,1.4,11,3,3,5,0,4,3,Chaotic,6,1.0,0.5
14.904,4.1,22,2,2,2,0,5,5,Clumsy,4,2.0,0.17391304347826086
14.359,3.1,4,2,2,3,0,1,2,Conservative,4,0.6,0.8
11.415,2.3,1,1,0,0,0,2,1,Conservative,1,1.5,0.5
15.804,3.3,6,0,0,3,0,0,0,Conservative,0,0.0,0.0
24.015,4.1,2,1,2,2,0,0,2,Slow,3,0.5,1.0
28.159,4.6,4,1,0,0,0,0,1,Slow,1,0.5,0.2
29.868,5.0,6,1,1,2,0,1,2,Slow,2,1.0,0.2857142857142857
13.479,3.0,16,6,5,1,0,5,6,Aggressive,11,0.9166666666666666,0.6470588235294118
9.333,1.6,5,4,3,4,0,0,2,Pro,7,0.25,1.1666666666666667
13.892,2.9,4,0,2,1,0,2,2,Conservative,2,1.3333333333333333,0.4
8.573,1.5,1,5,2,5,0,0,0,Pro,7,0.0,3.5
23.387,4.4,0,0,1,2,0,1,0,Slow,1,0.5,1.0
28.816,5.8,39,1,2,0,0,6,4,Clumsy,3,2.5,0.075
10.556,2.3,0,1,2,3,0,0,2,Conservative,3,0.5,3.0
8.0,1.0,5,4,8,0,0,5,4,Aggressive,12,0.6923076923076923,2.0
22.219,4.5,23,7,1,3,0,5,8,Chaotic,8,1.4444444444444444,0.3333333333333333
29.859,5.7,39,1,1,0,0,6,3,Clumsy,2,3.0,0.05
37.458,5.7,7,2,1,1,0,0,2,Slow,3,0.5,0.375
9.513,1.5,8,7,3,2,0,7,3,Aggressive,10,0.9090909090909091,1.1111111111111112
17.705,4.0,8,1,2,1,0,1,2,Conservative,3,0.75,0.3333333333333333
12.903,2.9,4,2,2,3,0,2,1,Conservative,4,0.6,0.8
23.063,4.7,1,0,1,1,0,2,1,Slow,1,1.5,0.5
16.672,4.4,22,2,2,2,0,3,5,Clumsy,4,1.6,0.17391304347826086
15.467,2.9,18,2,3,4,0,5,8,Chaotic,5,2.1666666666666665,0.2631578947368421
8.303,1.0,5,6,6,0,0,6,6,Aggressive,12,0.9230769230769231,2.0
22.539,4.3,1,0,0,2,0,0,0,Slow,0,0.0,0.0
15.243,3.4,6,0,1,3,0,2,2,Conservative,1,2.0,0.14285714285714285
14.171,3.3,3,1,1,3,0,0,2,Conservative,2,0.6666666666666666,0.5
25.515,4.8,24,8,1,3,0,9,6,Chaotic,9,1.5,0.36
27.218,5.0,3,2,0,1,0,0,1,Slow,2,0.3333333333333333,0.5
21.325,4.2,2,0,2,2,0,0,0,Slow,2,0.0,0.6666666666666666
10.174,2.0,1,1,2,0,0,1,1,Conservative,3,0.5,1.5
17.32,2.6,14,3,1,1,0,6,6,Chaotic,4,2.4,0.26666666666666666
12.326,2.5,9,1,5,4,0,7,7,Chaotic,6,2.0,0.6
11.43,2.2,1,1,2,1,0,2,0,Conservative,3,0.5,1.5
15.439,3.4,6,1,1,3,0,0,1,Conservative,2,0.3333333333333333,0.2857142857142857
21.59,5.2,27,1,1,1,0,3,4,Clumsy,2,2.3333333333333335,0.07142857142857142
37.507,5.7,8,1,1,0,0,1,1,Slow,2,0.6666666666666666,0.2222222222222222
21.67,4.1,1,2,1,1,0,1,2,Slow,3,0.75,1.5
20.042,4.3,28,0,1,0,0,7,3,Clumsy,1,5.0,0.034482758620689655
36.506,5.5,7,1,2,1,0,2,0,Slow,3,0.5,0.375
10.484,1.8,10,3,7,1,0,6,3,Aggressive,10,0.8181818181818182,0.9090909090909091
8.077,1.3,7,4,5,3,0,4,5,Aggressive,9,0.9,1.125
28.165,5.6,35,1,0,0,0,7,4,Clumsy,1,5.5,0.027777777777777776
16.138,3.4,14,5,4,3,0,4,6,Chaotic,9,1.0,0.6
25.698,5.0,2,1,1,1,0,0,1,Slow,2,0.3333333333333333,0.6666666666666666
10.22,2.9,7,0,1,1,0,2,0,Conservative,1,1.0,0.125
33.786,4.0,11,2,1,0,0,0,0,Slow,3,0.0,0.25
34.284,5.7,5,2,2,0,0,0,1,Slow,4,0.2,0.6666666666666666
25.807,5.2,33,1,0,0,0,7,5,Clumsy,1,6.0,0.029411764705882353
13.17,3.1,13,0,1,2,0,8,5,Chaotic,1,6.5,0.07142857142857142
22.845,5.2,28,3,1,0,0,8,4,Clumsy,4,2.4,0.13793103448275862
15.226,4.5,22,3,0,2,0,7,5,Clumsy,3,3.0,0.13043478260869565
16.065,3.6,7,1,0,3,0,2,0,Conservative,1,1.0,0.125
28.629,6.0,37,2,1,2,0,5,6,Clumsy,3,2.75,0.07894736842105263
26.943,1.5,14,7,3,0,0,8,3,Chaotic,10,1.0,0.6666666666666666
16.888,3.7,7,0,1,0,0,0,0,Conservative,1,0.0,0.125
27.755,5.0,6,0,1,2,0,1,2,Slow,1,1.5,0.14285714285714285
30.221,4.9,5,1,1,0,0,0,2,Slow,2,0.6666666666666666,0.3333333333333333
22.069,4.9,28,3,2,2,0,7,3,Clumsy,5,1.6666666666666667,0.1724137931034483
15.246,3.8,13,1,1,3,0,3,4,Chaotic,2,2.3333333333333335,0.14285714285714285
13.384,2.5,17,3,8,0,0,4,4,Aggressive,11,0.6666666666666666,0.6111111111111112
17.835,4.4,20,5,3,4,0,9,3,Chaotic,8,1.3333333333333333,0.38095238095238093
14.731,3.1,5,2,0,0,0,2,1,Conservative,2,1.0,0.3333333333333333
26.54,5.9,35,3,3,1,0,7,5,Clumsy,6,1.7142857142857142,0.16666666666666666
9.273,1.6,5,4,1,5,0,1,1,Pro,5,0.3333333333333333,0.8333333333333334
22.433,4.8,30,1,2,1,0,4,5,Clumsy,3,2.25,0.0967741935483871
29.596,4.8,4,2,1,2,0,2,0,Slow,3,0.5,0.6
23.502,5.2,35,3,3,2,0,5,5,Clumsy,6,1.4285714285714286,0.16666666666666666
23.834,4.1,27,2,2,1,0,3,5,Clumsy,4,1.6,0.14285714285714285
19.703,5.5,21,2,1,1,0,3,6,Clumsy,3,2.25,0.13636363636363635
26.739,5.6,33,2,3,1,0,6,6,Clumsy,5,2.0,0.14705882352941177
29.555,5.0,5,0,0,2,0,0,1,Slow,0,1.0,0.0
27.728,5.9,39,3,3,0,0,8,4,Clumsy,6,1.7142857142857142,0.15
24.929,5.5,36,0,2,1,0,8,4,Clumsy,2,4.0,0.05405405405405406
22.176,4.7,26,8,2,2,0,8,5,Chaotic,10,1.1818181818181819,0.37037037037037035
12.598,2.6,16,7,2,3,0,8,5,Aggressive,9,1.3,0.5294117647058824
18.0,3.8,8,2,1,3,0,2,2,Conservative,3,1.0,0.3333333333333333
18.044,5.3,39,3,1,2,0,3,4,Clumsy,4,1.4,0.1
11.188,2.5,1,1,0,2,0,2,0,Conservative,1,1.0,0.5
11.578,2.3,12,3,7,2,0,7,6,Aggressive,10,1.1818181818181819,0.7692307692307693
13.468,2.9,18,3,6,0,0,4,4,Aggressive,9,0.8,0.47368421052631576
10.0,2.0,1,0,0,1,0,2,0,Conservative,0,2.0,0.0
28.393,5.0,5,0,2,2,0,0,2,Slow,2,0.6666666666666666,0.3333333333333333
15.544,3.4,6,2,2,1,0,0,0,Conservative,4,0.0,0.5714285714285714
14.0,4.3,18,3,3,0,0,5,6,Clumsy,6,1.5714285714285714,0.3157894736842105
9.982,2.5,5,5,4,3,0,8,5,Aggressive,9,1.3,1.5
32.843,5.2,6,0,2,1,0,2,0,Slow,2,0.6666666666666666,0.2857142857142857
24.42,5.2,32,1,1,0,0,3,4,Clumsy,2,2.3333333333333335,0.06060606060606061
17.323,4.5,20,0,0,0,0,5,6,Clumsy,0,11.0,0.0
10.481,1.8,5,2,3,5,0,0,2,Pro,5,0.3333333333333333,0.8333333333333334
14.0,4.0,18,3,3,1,0,7,5,Clumsy,6,1.7142857142857142,0.3157894736842105
30.0,6.0,40,1,1,2,1,7,3,Clumsy,2,3.3333333333333335,0.04878048780487805
14.428,2.8,4,2,1,2,0,1,0,Conservative,3,0.25,0.6
25.931,4.9,3,0,0,1,0,2,1,Slow,0,3.0,0.0
12.427,2.4,16,3,4,5,0,7,6,Aggressive,7,1.625,0.4117647058823529
13.127,2.8,15,8,4,0,0,7,6,Aggressive,12,1.0,0.75
15.307,3.3,5,0,2,1,0,1,2,Conservative,2,1.0,0.3333333333333333
27.155,5.7,36,1,1,2,0,8,4,Clumsy,2,4.0,0.05405405405405406
11.414,2.5,2,2,0,1,0,0,1,Conservative,2,0.3333333333333333,0.6666666666666666
10.0,2.2,1,1,2,2,0,1,0,Conservative,3,0.25,1.5
31.711,4.9,8,0,0,2,0,0,2,Slow,0,2.0,0.0
15.619,3.3,6,2,2,1,0,0,2,Conservative,4,0.4,0.5714285714285714
12.692,1.2,5,3,4,2,0,7,4,Aggressive,7,1.375,1.1666666666666667
27.687,4.2,23,2,0,0,0,8,4,Clumsy,2,4.0,0.08333333333333333
11.946,2.9,14,3,6,3,0,7,4,Aggressive,9,1.1,0.6
15.845,5.1,27,2,2,0,0,5,3,Clumsy,4,1.6,0.14285714285714285
11.579,2.6,2,0,1,0,0,2,0,Conservative,1,1.0,0.3333333333333333
7.339,2.4,10,4,4,4,0,5,7,Chaotic,8,1.3333333333333333,0.7272727272727273
12.683,1.6,16,6,3,3,0,8,4,Chaotic,9,1.2,0.5294117647058824
19.099,3.7,18,4,0,2,0,9,7,Chaotic,4,3.2,0.21052631578947367
7.989,1.0,1,2,2,1,0,1,1,Pro,4,0.4,2.0
11.646,2.5,2,0,2,0,0,2,2,Conservative,2,1.3333333333333333,0.6666666666666666
33.101,5.5,7,1,0,1,0,2,0,Slow,1,1.0,0.125
20.245,4.5,22,2,2,0,0,3,4,Clumsy,4,1.4,0.17391304347826086
9.406,1.6,3,1,3,5,0,2,2,Pro,4,0.8,1.0
18.0,4.0,8,2,2,1,0,2,2,Conservative,4,0.8,0.4444444444444444
12.095,2.6,2,1,0,0,0,1,1,Conservative,1,1.0,0.3333333333333333
24.033,4.9,1,2,2,0,0,1,1,Slow,4,0.4,2.0
27.199,4.9,3,0,2,2,0,1,1,Slow,2,0.6666666666666666,0.5
11.202,2.2,1,2,0,1,0,0,1,Conservative,2,0.3333333333333333,1.0
39.3,6.0,10,1,0,1,0,2,1,Slow,1,1.5,0.09090909090909091
13.135,2.9,3,2,0,3,0,1,1,Conservative,2,0.6666666666666666,0.5
15.905,2.3,19,0,0,5,0,3,4,Chaotic,0,7.0,0.0
19.986,4.8,41,1,0,1,0,5,5,Clumsy,1,5.0,0.023809523809523808
28.991,5.0,5,2,1,1,0,1,1,Slow,3,0.5,0.5
23.385,5.0,29,1,3,0,0,8,6,Clumsy,4,2.8,0.13333333333333333
20.679,5.0,28,0,2,0,0,7,6,Clumsy,2,4.333333333333333,0.06896551724137931
22.504,5.3,25,2,1,2,0,8,6,Clumsy,3,3.5,0.11538461538461539
23.549,4.3,0,2,2,2,0,2,1,Slow,4,0.6,4.0
11.073,2.4,2,2,1,0,0,0,0,Conservative,3,0.0,1.0
16.497,3.7,7,2,2,3,0,0,1,Conservative,4,0.2,0.5
23.667,4.2,3,2,0,0,0,1,0,Slow,2,0.3333333333333333,0.5
23.793,4.6,24,7,1,2,0,10,6,Chaotic,8,1.7777777777777777,0.32
17.385,4.5,26,3,0,0,0,3,4,Clumsy,3,1.75,0.1111111111111111
19.428,4.5,28,3,3,1,0,5,5,Clumsy,6,1.4285714285714286,0.20689655172413793
16.218,3.2,7,1,1,3,0,0,1,Conservative,2,0.3333333333333333,0.25
12.707,2.5,16,6,6,0,0,6,6,Aggressive,12,0.9230769230769231,0.7058823529411765
11.869,2.6,12,4,4,4,0,7,5,Aggressive,8,1.3333333333333333,0.6153846153846154
14.0,4.0,18,1,1,0,0,4,4,Clumsy,2,2.6666666666666665,0.10526315789473684
26.675,5.6,33,0,1,1,0,7,6,Clumsy,1,6.5,0.029411764705882353
28.144,4.7,5,0,1,2,0,0,2,Slow,1,1.0,0.16666666666666666
32.73,5.1,7,1,1,2,0,2,1,Slow,2,1.0,0.25
8.07,1.4,2,2,3,4,0,0,0,Pro,5,0.0,1.6666666666666667
8.973,1.3,10,5,3,0,0,7,3,Aggressive,8,1.1111111111111112,0.7272727272727273
14.849,3.2,5,1,1,3,0,0,0,Conservative,2,0.0,0.3333333333333333
17.136,3.3,7,0,2,0,0,2,1,Conservative,2,1.0,0.25
12.037,2.3,5,2,0,1,0,1,1,Conservative,2,0.6666666666666666,0.3333333333333333
9.124,1.3,9,4,7,1,0,7,5,Aggressive,11,1.0,1.1
25.062,4.4,1,2,1,1,0,2,0,Slow,3,0.5,1.5
14.0,3.0,16,5,5,2,0,8,4,Aggressive,10,1.0909090909090908,0.5882352941176471
8.767,1.5,3,2,2,2,0,2,2,Pro,4,0.8,1.0
13.795,2.8,4,2,0,3,0,2,0,Conservative,2,0.6666666666666666,0.4
29.52,4.7,4,2,1,0,0,2,0,Slow,3,0.5,0.6
11.447,2.1,12,2,7,3,0,7,3,Aggressive,9,1.0,0.6923076923076923
30.0,5.8,38,0,0,0,0,5,6,Clumsy,0,11.0,0.0
35.559,5.3,8,1,1,1,0,1,1,Slow,2,0.6666666666666666,0.2222222222222222
14.135,2.4,16,0,7,2,0,9,3,Chaotic,7,1.5,0.4117647058823529
10.369,2.0,0,1,0,3,0,0,1,Conservative,1,0.5,1.0
10.23,1.9,2,3,1,2,0,2,0,Pro,4,0.4,1.3333333333333333
17.387,4.0,8,1,0,3,0,1,1,Conservative,1,1.0,0.1111111111111111
34.266,5.3,9,2,1,1,0,0,0,Slow,3,0.0,0.3
13.434,2.7,3,1,2,0,0,0,1,Conservative,3,0.25,0.75
35.314,5.2,8,0,2,0,0,0,0,Slow,2,0.0,0.2222222222222222
10.699,2.4,1,1,2,3,0,1,1,Conservative,3,0.5,1.5
12.865,2.7,4,0,0,0,0,0,1,Conservative,0,1.0,0.0
12.469,2.6,15,6,5,0,0,4,4,Aggressive,11,0.6666666666666666,0.6875
21.632,4.7,26,2,0,1,0,6,3,Clumsy,2,3.0,0.07407407407407407
19.435,4.7,26,2,3,0,0,6,3,Clumsy,5,1.5,0.18518518518518517
8.964,1.5,3,1,3,3,0,0,2,Pro,4,0.4,1.0
15.236,3.4,6,0,0,1,0,1,2,Conservative,0,3.0,0.0
35.229,5.4,9,1,2,0,0,0,1,Slow,3,0.25,0.3
32.993,4.9,8,2,1,2,0,1,0,Slow,3,0.25,0.3333333333333333
23.168,4.1,2,0,0,1,0,2,2,Slow,0,4.0,0.0
30.218,5.1,4,0,1,2,0,2,1,Slow,1,1.5,0.2
12.18,2.6,3,0,0,2,0,2,2,Conservative,0,4.0,0.0
26.794,5.9,37,3,3,1,0,4,6,Clumsy,6,1.4285714285714286,0.15789473684210525
10.441,1.7,7,4,4,4,0,4,5,Aggressive,8,1.0,1.0
23.147,5.4,31,1,1,2,0,5,6,Clumsy,2,3.6666666666666665,0.0625
10.92,2.0,6,4,2,5,0,0,1,Pro,6,0.14285714285714285,0.8571428571428571
12.028,2.9,7,0,0,2,0,1,0,Conservative,0,1.0,0.0
27.534,4.4,4,2,0,1,0,2,0,Slow,2,0.6666666666666666,0.4
16.994,3.5,18,6,2,3,0,8,5,Chaotic,8,1.4444444444444444,0.42105263157894735
9.745,1.4,8,6,5,1,0,3,5,Aggressive,11,0.6666666666666666,1.2222222222222223
18.453,5.0,6,1,1,1,0,0,1,Slow,2,0.3333333333333333,0.2857142857142857
28.761,4.0,31,2,0,0,0,5,4,Clumsy,2,3.0,0.0625
27.94,5.4,27,6,1,5,0,10,4,Chaotic,7,1.75,0.25
17.702,4.0,6,2,1,0,0,1,1,Conservative,3,0.5,0.42857142857142855
27.857,4.7,26,7,5,0,0,10,4,Chaotic,12,1.0769230769230769,0.4444444444444444
22.15,4.7,23,5,4,3,0,9,3,Chaotic,9,1.2,0.375
23.157,5.4,33,1,1,1,0,5,4,Clumsy,2,3.0,0.058823529411764705
20.0,4.0,1,0,1,2,0,2,2,Slow,1,2.0,0.5
20.0,4.2,0,1,1,0,0,2,1,Slow,2,1.0,2.0
28.062,5.1,5,0,0,0,0,0,2,Slow,0,2.0,0.0
10.398,2.2,2,0,2,0,0,2,1,Conservative,2,1.0,0.6666666666666666
20.918,4.4,25,0,1,0,0,6,4,Clumsy,1,5.0,0.038461538461538464
14.604,3.3,5,0,1,1,0,1,2,Conservative,1,1.5,0.16666666666666666
8.34,1.0,6,8,3,1,0,6,5,Aggressive,11,0.9166666666666666,1.5714285714285714
10.0,2.0,1,0,0,1,0,2,2,Conservative,0,4.0,0.0
28.378,4.8,5,0,1,1,0,0,0,Slow,1,0.0,0.16666666666666666
9.17,2.7,8,7,1,4,0,7,3,Aggressive,8,1.1111111111111112,0.8888888888888888
19.948,3.9,7,2,2,0,0,2,2,Slow,4,0.8,0.5
20.438,5.0,27,1,1,2,0,8,5,Clumsy,2,4.333333333333333,0.07142857142857142
10.0,2.0,0,0,0,0,0,0,0,Conservative,0,0.0,0.0
15.16,3.3,5,2,2,1,0,0,2,Conservative,4,0.4,0.6666666666666666
20.289,4.0,1,2,0,1,0,2,0,Slow,2,0.6666666666666666,1.0
9.178,1.1,6,3,3,3,0,7,6,Aggressive,6,1.8571428571428572,0.8571428571428571
25.802,6.0,26,0,5,1,0,7,4,Chaotic,5,1.8333333333333333,0.18518518518518517
11.781,1.3,12,0,2,3,1,4,8,Chaotic,2,4.0,0.15384615384615385
15.126,3.0,6,2,2,1,0,2,2,Conservative,4,0.8,0.5714285714285714
36.733,5.6,10,0,1,0,0,0,2,Slow,1,1.0,0.09090909090909091
37.651,5.8,9,0,2,1,0,2,0,Slow,2,0.6666666666666666,0.2
18.97,3.7,22,5,3,4,0,6,8,Chaotic,8,1.5555555555555556,0.34782608695652173
17.938,1.8,8,1,2,0,0,2,0,Conservative,3,0.5,0.3333333333333333
8.265,1.0,7,6,4,2,0,5,6,Aggressive,10,1.0,1.25
9.949,1.7,11,4,5,2,0,6,6,Aggressive,9,1.2,0.75
35.523,5.8,8,2,0,2,0,2,1,Slow,2,1.0,0.2222222222222222
22.464,5.1,20,7,5,0,0,3,3,Chaotic,12,0.46153846153846156,0.5714285714285714
17.079,4.1,7,0,2,1,0,0,1,Slow,2,0.3333333333333333,0.25
31.712,5.1,6,2,0,1,0,2,1,Slow,2,1.0,0.2857142857142857
16.032,4.5,21,1,3,2,0,4,4,Clumsy,4,1.6,0.18181818181818182
39.479,5.6,8,1,2,2,0,0,0,Slow,3,0.0,0.3333333333333333
13.35,2.6,17,4,5,3,0,3,5,Aggressive,9,0.8,0.5
27.11,5.0,4,0,0,1,0,1,2,Slow,0,3.0,0.0
38.694,5.8,8,1,0,1,0,1,0,Slow,1,0.5,0.1111111111111111
21.902,5.0,27,2,3,1,0,4,4,Clumsy,5,1.3333333333333333,0.17857142857142858
19.972,4.7,26,3,2,2,0,3,3,Clumsy,5,1.0,0.18518518518518517
25.342,5.4,34,2,3,0,0,7,3,Clumsy,5,1.6666666666666667,0.14285714285714285
25.484,4.7,3,0,1,2,0,1,1,Slow,1,1.0,0.25
28.353,5.7,38,2,2,2,0,6,6,Clumsy,4,2.4,0.10256410256410256
10.0,2.0,0,0,1,2,0,0,0,Conservative,1,0.0,1.0
22.827,4.1,2,2,1,0,0,2,2,Slow,3,1.0,1.0
34.568,5.0,6,1,1,2,0,0,2,Slow,2,0.6666666666666666,0.2857142857142857
10.278,1.7,5,1,1,1,0,0,1,Pro,2,0.3333333333333333,0.3333333333333333
9.921,3.2,8,1,0,2,0,1,2,Conservative,1,1.5,0.1111111111111111
17.253,3.1,14,4,4,4,0,8,4,Chaotic,8,1.3333333333333333,0.5333333333333333
14.87,3.5,5,1,2,1,0,0,1,Conservative,3,0.25,0.5
8.809,1.3,3,2,3,5,0,1,0,Pro,5,0.16666666666666666,1.25
22.148,5.2,30,3,1,1,0,6,4,Clumsy,4,2.0,0.12903225806451613
29.27,6.0,39,1,3,2,0,5,5,Clumsy,4,2.0,0.1
29.835,5.3,6,0,1,2,0,0,2,Slow,1,1.0,0.14285714285714285
8.279,1.3,1,3,1,3,0,2,1,Pro,4,0.6,2.0
31.241,5.1,9,0,2,2,0,2,2,Slow,2,1.3333333333333333,0.2
22.857,4.1,0,0,1,2,0,2,1,Slow,1,1.5,1.0
20.261,3.1,29,2,4,1,0,8,4,Chaotic,6,1.7142857142857142,0.2
24.403,5.6,24,4,6,0,0,10,6,Chaotic,10,1.4545454545454546,0.4
19.061,4.3,26,2,2,0,0,3,3,Clumsy,4,1.2,0.14814814814814814
19.818,5.1,28,1,2,1,0,7,4,Clumsy,3,2.75,0.10344827586206896
10.0,2.2,2,1,1,1,0,2,0,Conservative,2,0.6666666666666666,0.6666666666666666
7.0,1.3,0,4,1,0,0,2,0,Pro,5,0.3333333333333333,5.0
12.516,2.2,15,3,6,1,0,4,3,Aggressive,9,0.7,0.5625
8.014,1.3,2,3,2,5,0,0,1,Pro,5,0.16666666666666666,1.6666666666666667
9.575,1.8,8,5,5,2,0,6,4,Aggressive,10,0.9090909090909091,1.1111111111111112
12.752,2.5,15,5,5,1,0,9,6,Chaotic,10,1.3636363636363635,0.625
32.307,5.2,6,1,1,0,0,2,1,Slow,2,1.0,0.2857142857142857
10.979,2.1,11,3,5,4,0,4,3,Aggressive,8,0.7777777777777778,0.6666666666666666
26.564,4.8,3,0,2,0,0,1,2,Slow,2,1.0,0.5
10.961,2.5,1,0,0,1,0,2,2,Conservative,0,4.0,0.0
17.73,4.0,7,1,2,0,0,2,2,Conservative,3,1.0,0.375
8.0,1.0,5,6,2,4,0,8,6,Aggressive,8,1.5555555555555556,1.3333333333333333
25.111,5.7,36,0,1,0,0,7,5,Clumsy,1,6.0,0.02702702702702703
13.815,2.7,3,1,2,1,0,0,0,Conservative,3,0.0,0.75
15.11,3.2,6,2,1,1,0,2,1,Conservative,3,0.75,0.42857142857142855
8.3,1.2,5,4,6,2,0,3,4,Aggressive,10,0.6363636363636364,1.6666666666666667
12.719,2.5,15,5,7,0,0,4,4,Aggressive,12,0.6153846153846154,0.75
14.408,4.0,21,1,3,1,1,5,4,Clumsy,4,1.8,0.18181818181818182
15.003,3.2,6,2,1,0,0,2,0,Conservative,3,0.5,0.42857142857142855
17.039,4.4,26,1,0,1,0,8,6,Clumsy,1,7.0,0.037037037037037035
13.487,3.1,4,1,2,2,0,0,1,Conservative,3,0.25,0.6
13.283,2.8,4,1,2,2,0,2,0,Conservative,3,0.5,0.6
11.2,2.1,12,5,5,2,0,7,3,Aggressive,10,0.9090909090909091,0.7692307692307693
29.368,5.1,4,1,1,1,0,2,1,Slow,2,1.0,0.4
30.238,5.0,5,0,0,1,0,0,2,Slow,0,2.0,0.0
12.031,2.6,1,0,1,2,0,0,2,Conservative,1,1.0,0.5
8.563,1.2,8,2,6,4,0,8,3,Aggressive,8,1.2222222222222223,0.8888888888888888
10.81,2.4,2,2,1,3,0,0,0,Conservative,3,0.0,1.0
19.849,4.6,29,0,0,2,0,7,4,Clumsy,0,11.0,0.0
27.028,4.6,4,0,0,0,0,2,1,Slow,0,3.0,0.0
40.0,6.0,10,0,1,0,0,1,2,Slow,1,1.5,0.09090909090909091
10.195,1.9,9,3,4,4,0,8,5,Aggressive,7,1.625,0.7
13.002,2.8,3,2,0,2,0,2,1,Conservative,2,1.0,0.5
20.493,5.0,24,3,2,2,0,7,5,Clumsy,5,2.0,0.2
25.588,4.4,4,0,0,0,0,2,0,Slow,0,2.0,0.0
22.845,5.1,29,2,0,0,0,8,5,Clumsy,2,4.333333333333333,0.06666666666666667
34.887,5.9,7,0,1,2,0,0,2,Slow,1,1.0,0.125
14.0,3.0,17,5,3,0,0,7,6,Aggressive,8,1.4444444444444444,0.4444444444444444
14.0,4.0,18,1,3,0,0,6,6,Clumsy,4,2.4,0.21052631578947367
13.971,3.2,11,5,2,2,0,9,4,Chaotic,7,1.625,0.5833333333333334
20.0,4.1,0,2,0,1,0,2,2,Slow,2,1.3333333333333333,2.0
10.696,2.1,10,5,7,0,0,8,5,Aggressive,12,1.0,1.0909090909090908
40.0,6.0,10,1,2,2,0,1,2,Slow,3,0.75,0.2727272727272727
9.295,1.4,9,4,6,2,0,5,5,Aggressive,10,0.9090909090909091,1.0
17.118,4.4,26,1,3,2,0,6,4,Clumsy,4,2.0,0.14814814814814814
34.903,5.4,6,1,2,1,0,2,2,Slow,3,1.0,0.42857142857142855
7.738,1.4,1,5,0,4,0,2,2,Pro,5,0.6666666666666666,2.5
8.611,1.3,3,3,0,3,0,1,0,Pro,3,0.25,0.75
39.253,5.9,10,2,1,0,0,0,0,Slow,3,0.0,0.2727272727272727
25.467,5.4,35,0,2,2,0,6,3,Clumsy,2,3.0,0.05555555555555555
17.467,3.4,7,2,2,3,0,0,0,Conservative,4,0.0,0.5
37.806,5.7,8,0,0,1,0,2,1,Slow,0,3.0,0.0
15.67,3.1,5,1,2,0,0,1,1,Conservative,3,0.5,0.5
12.177,2.6,1,0,1,3,0,2,2,Conservative,1,2.0,0.5
8.94,1.0,9,0,2,2,0,10,6,Chaotic,2,5.333333333333333,0.2
9.75,1.7,11,3,7,2,0,8,6,Aggressive,10,1.2727272727272727,0.8333333333333334
31.432,3.5,8,7,1,4,0,7,6,Chaotic,8,1.4444444444444444,0.8888888888888888
20.877,4.8,26,2,0,2,0,8,4,Clumsy,2,4.0,0.07407407407407407
14.293,3.1,4,0,0,2,0,2,2,Conservative,0,4.0,0.0
23.482,3.9,11,0,0,1,0,2,0,Slow,0,2.0,0.0
14.021,2.9,4,1,0,0,1,0,2,Conservative,1,1.0,0.2
23.825,5.2,32,1,3,0,0,4,4,Clumsy,4,1.6,0.12121212121212122
26.228,5.7,33,1,1,0,0,4,4,Clumsy,2,2.6666666666666665,0.058823529411764705
23.237,4.4,2,0,2,1,0,0,1,Slow,2,0.3333333333333333,0.6666666666666666
11.71,1.0,13,1,7,4,0,3,7,Chaotic,8,1.1111111111111112,0.5714285714285714
29.768,4.7,4,2,0,1,0,1,1,Slow,2,0.6666666666666666,0.4
26.268,5.7,31,2,0,1,0,5,5,Clumsy,2,3.3333333333333335,0.0625
15.666,4.5,23,1,2,2,0,6,4,Clumsy,3,2.5,0.125
10.0,2.0,1,2,1,0,0,0,1,Conservative,3,0.25,1.5
16.464,3.7,7,2,2,0,0,1,0,Conservative,4,0.2,0.5
11.204,2.2,0,1,1,0,0,1,1,Conservative,2,0.6666666666666666,2.0
30.0,5.9,40,0,3,1,0,5,6,Clumsy,3,2.75,0.07317073170731707
14.673,3.3,4,0,1,3,0,1,1,Conservative,1,1.0,0.2
23.193,1.7,16,5,1,0,0,3,8,Chaotic,6,1.5714285714285714,0.35294117647058826
24.059,4.4,1,0,2,2,0,0,2,Slow,2,0.6666666666666666,1.0
8.585,1.3,2,3,2,0,0,2,2,Pro,5,0.6666666666666666,1.6666666666666667
32.677,5.7,10,0,7,5,0,9,4,Chaotic,7,1.625,0.6363636363636364
10.763,2.0,2,1,0,0,0,2,0,Conservative,1,1.0,0.3333333333333333
20.0,4.2,0,2,2,1,0,0,0,Slow,4,0.0,4.0
13.15,2.7,4,0,0,3,0,0,1,Conservative,0,1.0,0.0
11.287,2.2,2,1,0,2,0,2,1,Conservative,1,1.5,0.3333333333333333
10.245,1.8,5,4,1,5,0,2,2,Pro,5,0.6666666666666666,0.8333333333333334
10.219,1.6,10,7,2,3,0,5,4,Aggressive,9,0.9,0.8181818181818182
13.597,3.0,18,8,3,0,0,6,4,Aggressive,11,0.8333333333333334,0.5789473684210527
10.129,1.5,12,5,4,3,0,6,4,Aggressive,9,1.0,0.6923076923076923
8.004,1.0,6,5,3,4,0,8,6,Aggressive,8,1.5555555555555556,1.1428571428571428
8.582,1.0,10,1,8,1,0,5,6,Chaotic,9,1.1,0.8181818181818182
23.058,4.5,1,2,0,2,0,2,1,Slow,2,1.0,1.0
14.0,3.0,18,4,6,2,0,4,6,Aggressive,10,0.9090909090909091,0.5263157894736842
23.348,3.2,23,1,5,3,0,4,7,Chaotic,6,1.5714285714285714,0.25
23.772,5.4,34,1,3,0,0,6,4,Clumsy,4,2.0,0.11428571428571428
14.098,3.2,6,1,2,3,0,2,0,Conservative,3,0.5,0.42857142857142855
15.575,4.0,21,0,1,2,0,5,6,Clumsy,1,5.5,0.045454545454545456
27.694,5.7,37,0,0,2,0,4,5,Clumsy,0,9.0,0.0
10.615,2.0,10,6,3,3,0,7,4,Aggressive,9,1.1,0.8181818181818182
25.082,4.6,3,1,0,2,0,2,1,Slow,1,1.5,0.25
25.194,4.6,3,2,2,1,0,2,1,Slow,4,0.6,1.0
10.77,2.0,6,4,0,1,0,1,2,Pro,4,0.6,0.5714285714285714
13.488,2.9,3,1,2,1,0,0,2,Conservative,3,0.5,0.75
12.538,2.4,13,7,3,2,0,5,6,Aggressive,10,1.0,0.7142857142857143
31.683,5.0,5,0,0,1,0,1,1,Slow,0,2.0,0.0
15.093,3.3,6,1,2,0,0,0,1,Conservative,3,0.25,0.42857142857142855
23.742,5.4,36,3,1,2,0,3,5,Clumsy,4,1.6,0.10810810810810811
28.612,4.7,5,0,1,2,0,0,0,Slow,1,0.0,0.16666666666666666
17.528,3.6,6,2,2,3,0,1,2,Conservative,4,0.6,0.5714285714285714
12.027,2.2,12,6,4,2,0,4,4,Chaotic,10,0.7272727272727273,0.7692307692307693
16.218,3.8,9,0,2,1,0,1,1,Conservative,2,0.6666666666666666,0.2
25.87,5.1,31,1,2,0,0,3,5,Clumsy,3,2.0,0.09375
35.208,5.5,6,1,2,1,0,0,0,Slow,3,0.0,0.42857142857142855
13.065,2.8,3,1,2,1,0,0,1,Conservative,3,0.25,0.75
12.896,2.8,2,1,2,0,0,2,2,Conservative,3,1.0,1.0
14.778,3.5,5,1,0,0,0,1,0,Conservative,1,0.5,0.16666666666666666
11.681,2.3,2,0,2,2,0,2,1,Conservative,2,1.0,0.6666666666666666
23.465,4.8,4,0,1,1,0,0,0,Slow,1,0.0,0.2
8.952,1.6,2,0,3,0,0,1,2,Pro,3,0.75,1.0
37.648,6.0,8,2,1,0,0,2,0,Slow,3,0.5,0.3333333333333333
33.289,5.1,9,0,0,0,0,0,2,Slow,0,2.0,0.0
24.795,5.1,27,2,3,0,0,6,5,Chaotic,5,1.8333333333333333,0.17857142857142858
30.0,6.0,36,3,1,1,0,4,5,Clumsy,4,1.8,0.10810810810810811
21.158,4.0,2,2,0,2,0,0,0,Slow,2,0.0,0.6666666666666666
10.718,1.8,6,1,2,0,0,1,2,Pro,3,0.75,0.42857142857142855
9.777,1.7,4,2,1,3,0,1,2,Pro,3,0.75,0.6
26.224,4.4,4,1,0,2,0,1,1,Slow,1,1.0,0.2
30.0,6.0,39,3,1,0,0,8,4,Clumsy,4,2.4,0.1
15.445,3.2,13,5,2,5,0,8,7,Chaotic,7,1.875,0.5
27.203,4.8,3,2,0,0,0,1,2,Slow,2,1.0,0.5
21.349,5.0,29,1,0,1,0,5,6,Clumsy,1,5.5,0.03333333333333333
7.0,1.0,0,3,2,2,0,0,0,Pro,5,0.0,5.0
22.217,4.4,20,7,1,0,0,7,7,Chaotic,8,1.5555555555555556,0.38095238095238093
20.387,4.9,27,1,3,2,0,5,3,Clumsy,4,1.6,0.14285714285714285
27.665,5.1,3,1,2,1,0,0,2,Slow,3,0.5,0.75
17.946,2.3,18,3,4,5,0,7,6,Chaotic,7,1.625,0.3684210526315789
21.827,5.0,31,1,2,2,0,8,4,Clumsy,3,3.0,0.09375
22.453,4.2,2,1,1,2,0,2,0,Slow,2,0.6666666666666666,0.6666666666666666
21.469,4.9,28,2,0,2,0,5,3,Clumsy,2,2.6666666666666665,0.06896551724137931
12.912,1.9,12,2,5,4,0,3,8,Chaotic,7,1.375,0.5384615384615384
11.74,2.0,13,7,3,2,0,5,5,Aggressive,10,0.9090909090909091,0.7142857142857143
15.403,3.6,6,0,2,2,0,1,0,Conservative,2,0.3333333333333333,0.2857142857142857
27.389,4.8,4,2,2,1,0,0,0,Slow,4,0.0,0.8
23.422,5.3,28,2,2,1,0,5,3,Clumsy,4,1.6,0.13793103448275862
13.86,2.7,4,2,2,1,0,0,2,Conservative,4,0.4,0.8
11.68,2.2,2,0,0,3,0,0,2,Conservative,0,2.0,0.0
34.967,5.3,7,1,0,0,0,0,1,Slow,1,0.5,0.125
12.934,2.7,16,5,7,0,0,8,5,Aggressive,12,1.0,0.7058823529411765
12.281,2.4,1,2,1,2,0,2,0,Conservative,3,0.5,1.5
26.744,4.4,3,1,0,0,0,2,2,Slow,1,2.0,0.25
10.883,3.5,3,1,1,2,0,2,0,Conservative,2,0.6666666666666666,0.5
12.233,2.5,2,1,1,0,0,2,1,Conservative,2,1.0,0.6666666666666666
16.517,3.5,7,0,1,1,0,1,0,Conservative,1,0.5,0.125
9.171,1.5,3,2,3,1,0,1,1,Pro,5,0.3333333333333333,1.25
10.0,2.3,0,0,1,0,0,1,1,Conservative,1,1.0,1.0
28.842,5.9,35,2,3,1,0,4,4,Clumsy,5,1.3333333333333333,0.1388888888888889
20.0,4.0,0,2,1,2,0,2,0,Slow,3,0.5,3.0
10.543,1.9,6,4,0,1,0,0,2,Pro,4,0.4,0.5714285714285714
33.358,5.2,5,0,1,0,0,1,0,Slow,1,0.5,0.16666666666666666
27.01,5.8,24,4,7,0,0,7,7,Chaotic,11,1.1666666666666667,0.44
9.745,1.4,8,8,4,0,0,5,5,Aggressive,12,0.7692307692307693,1.3333333333333333
8.267,1.3,2,3,0,0,0,2,1,Pro,3,0.75,1.0
14.813,3.6,5,0,2,3,0,0,2,Conservative,2,0.6666666666666666,0.3333333333333333
41.203,5.9,8,0,0,1,0,2,2,Slow,0,4.0,0.0
34.96,5.5,8,1,2,1,0,1,2,Slow,3,0.75,0.3333333333333333
20.157,4.8,29,0,2,0,0,4,4,Clumsy,2,2.6666666666666665,0.06666666666666667
13.869,3.0,15,3,7,2,0,5,4,Aggressive,10,0.8181818181818182,0.625
25.162,4.6,1,1,1,0,0,1,2,Slow,2,1.0,1.0
20.569,3.1,31,2,7,3,0,7,6,Chaotic,9,1.3,0.28125
12.177,2.1,7,2,2,0,0,1,0,Conservative,4,0.2,0.5
33.658,5.5,6,0,2,2,0,0,0,Slow,2,0.0,0.2857142857142857
17.221,4.6,22,1,3,0,0,7,3,Clumsy,4,2.0,0.17391304347826086
30.278,5.3,6,2,1,0,0,0,2,Slow,3,0.5,0.42857142857142855
23.859,4.3,21,1,2,5,0,9,6,Chaotic,3,3.75,0.13636363636363635
12.547,2.6,3,0,2,3,0,1,1,Conservative,2,0.6666666666666666,0.5
7.673,1.1,2,4,0,3,0,2,1,Pro,4,0.6,1.3333333333333333
8.979,1.2,8,7,5,0,0,8,4,Aggressive,12,0.9230769230769231,1.3333333333333333
19.908,4.8,24,1,2,2,0,5,6,Clumsy,3,2.75,0.12
25.436,4.9,9,1,2,1,0,0,0,Slow,3,0.0,0.3
37.842,5.2,5,2,2,0,0,0,0,Slow,4,0.0,0.6666666666666666
28.007,5.7,39,1,2,2,0,3,6,Clumsy,3,2.25,0.075
12.075,2.5,2,0,1,2,0,0,2,Conservative,1,1.0,0.3333333333333333
13.489,2.7,18,6,6,0,0,4,5,Aggressive,12,0.6923076923076923,0.631578947368421
40.0,5.8,8,2,2,2,0,0,0,Slow,4,0.0,0.4444444444444444
33.946,5.5,6,2,2,2,0,1,1,Slow,4,0.4,0.5714285714285714
15.074,3.2,5,2,0,0,0,1,2,Conservative,2,1.0,0.3333333333333333
32.446,5.2,6,2,2,2,0,0,0,Slow,4,0.0,0.5714285714285714
24.481,4.4,2,2,2,1,0,0,1,Slow,4,0.2,1.3333333333333333
27.823,5.8,37,3,3,2,0,4,3,Clumsy,6,1.0,0.15789473684210525
34.35,5.3,7,1,0,1,0,1,1,Slow,1,1.0,0.125
32.301,4.8,10,1,0,0,0,1,2,Slow,1,1.5,0.09090909090909091
12.365,2.6,17,6,2,4,0,4,6,Aggressive,8,1.1111111111111112,0.4444444444444444
26.143,5.2,38,3,2,2,0,5,4,Clumsy,5,1.5,0.1282051282051282
31.537,4.1,28,3,0,1,0,5,3,Clumsy,3,2.0,0.10344827586206896
14.09,2.7,8,2,1,1,0,1,2,Conservative,3,0.75,0.3333333333333333
10.979,2.3,1,1,1,1,0,1,0,Conservative,2,0.3333333333333333,1.0
7.647,1.1,4,0,3,3,0,1,1,Pro,3,0.5,0.6
27.529,5.8,27,1,0,5,0,5,5,Chaotic,1,5.0,0.03571428571428571
9.681,1.5,7,8,4,0,0,8,3,Aggressive,12,0.8461538461538461,1.5
21.092,4.8,32,0,2,2,0,6,5,Clumsy,2,3.6666666666666665,0.06060606060606061
27.128,5.6,37,0,0,0,0,5,4,Clumsy,0,9.0,0.0
10.328,1.9,6,0,1,0,0,1,2,Pro,1,1.5,0.14285714285714285
11.55,2.3,11,6,3,3,0,4,6,Aggressive,9,1.0,0.75
25.264,5.4,37,2,0,0,0,8,6,Clumsy,2,4.666666666666667,0.05263157894736842
35.438,5.7,8,0,1,0,0,1,2,Slow,1,1.5,0.1111111111111111
24.187,5.3,29,3,0,2,0,6,4,Clumsy,3,2.5,0.1
32.384,5.3,7,0,2,1,0,2,2,Slow,2,1.3333333333333333,0.25
14.11,3.5,15,8,2,0,0,5,8,Chaotic,10,1.1818181818181819,0.625
8.307,1.0,8,6,4,2,0,3,6,Aggressive,10,0.8181818181818182,1.1111111111111112
24.5,4.7,1,0,2,0,0,1,1,Slow,2,0.6666666666666666,1.0
13.716,2.9,3,0,0,1,0,2,2,Conservative,0,4.0,0.0
28.89,4.8,4,2,1,0,0,2,0,Slow,3,0.5,0.6
11.24,2.5,2,0,2,2,0,0,0,Conservative,2,0.0,0.6666666666666666
10.202,1.6,4,3,1,2,0,0,1,Pro,4,0.2,0.8
23.14,4.3,2,0,1,1,0,0,0,Slow,1,0.0,0.3333333333333333
14.0,4.1,19,0,3,2,0,6,5,Clumsy,3,2.75,0.15
25.684,5.6,7,1,2,0,0,1,2,Slow,3,0.75,0.375
12.116,2.5,4,1,0,2,0,1,0,Conservative,1,0.5,0.2
10.715,2.0,12,6,4,2,0,8,6,Aggressive,10,1.2727272727272727,0.7692307692307693
31.638,4.0,23,3,0,2,0,8,4,Clumsy,3,3.0,0.125
13.645,2.8,17,0,1,4,0,7,7,Chaotic,1,7.0,0.05555555555555555
26.211,4.8,1,2,2,0,0,1,2,Slow,4,0.6,2.0
17.539,3.8,7,1,2,2,0,1,2,Conservative,3,0.75,0.375
12.56,2.6,2,0,2,3,0,0,2,Conservative,2,0.6666666666666666,0.6666666666666666
16.917,4.2,23,3,1,2,0,8,4,Clumsy,4,2.4,0.16666666666666666
29.315,5.1,6,2,0,1,0,2,1,Slow,2,1.0,0.2857142857142857
35.884,5.9,8,1,0,0,1,1,1,Slow,1,1.0,0.1111111111111111
11.412,2.6,0,2,2,3,0,2,0,Conservative,4,0.4,4.0
14.136,3.3,4,2,0,0,0,2,2,Conservative,2,1.3333333333333333,0.4
25.975,4.5,22,5,4,3,0,5,4,Chaotic,9,0.9,0.391304347826087
11.999,2.3,1,2,0,1,0,1,2,Conservative,2,1.0,1.0
22.118,4.0,1,1,0,2,0,2,0,Slow,1,1.0,0.5
15.086,2.9,5,2,0,1,0,1,2,Conservative,2,1.0,0.3333333333333333
21.389,4.6,18,1,5,4,0,6,8,Chaotic,6,2.0,0.3157894736842105
17.669,4.7,26,2,2,0,0,5,6,Clumsy,4,2.2,0.14814814814814814
27.996,6.0,26,1,2,1,0,10,4,Chaotic,3,3.5,0.1111111111111111
8.0,1.2,7,4,6,2,0,6,3,Aggressive,10,0.8181818181818182,1.25
16.338,3.8,6,1,1,0,0,2,0,Conservative,2,0.6666666666666666,0.2857142857142857
10.639,2.0,0,1,0,3,0,1,2,Conservative,1,1.5,1.0
15.53,5.8,23,3,2,2,0,4,5,Clumsy,5,1.5,0.20833333333333334
30.0,6.0,38,3,1,1,0,8,3,Clumsy,4,2.2,0.10256410256410256
14.665,3.1,4,0,1,0,0,1,1,Conservative,1,1.0,0.2
38.521,6.0,8,1,0,0,0,0,2,Slow,1,1.0,0.1111111111111111
14.232,3.2,3,0,2,2,0,2,0,Conservative,2,0.6666666666666666,0.5
19.224,4.6,23,1,0,2,0,5,6,Clumsy,1,5.5,0.041666666666666664
13.88,3.0,5,0,2,0,0,1,0,Conservative,2,0.3333333333333333,0.3333333333333333
23.041,4.9,34,3,1,2,1,4,4,Clumsy,4,1.6,0.11428571428571428
30.0,5.9,39,2,0,0,0,6,6,Clumsy,2,4.0,0.05
22.444,4.9,32,2,0,0,0,5,6,Clumsy,2,3.6666666666666665,0.06060606060606061
23.532,5.3,32,0,1,1,0,5,4,Clumsy,1,4.5,0.030303030303030304
18.194,4.4,25,3,0,0,0,3,6,Clumsy,3,2.25,0.11538461538461539
35.723,5.6,10,2,1,2,0,2,1,Slow,3,0.75,0.2727272727272727
23.916,4.7,6,1,1,2,0,0,0,Slow,2,0.0,0.2857142857142857
24.719,5.3,33,0,1,0,0,3,5,Clumsy,1,4.0,0.029411764705882353
25.161,4.4,2,1,1,0,0,0,1,Slow,2,0.3333333333333333,0.6666666666666666
28.757,4.6,2,0,1,1,0,0,2,Slow,1,1.0,0.3333333333333333
8.973,1.2,6,5,7,0,0,7,3,Aggressive,12,0.7692307692307693,1.7142857142857142
15.885,3.4,7,1,1,1,0,1,1,Conservative,2,0.6666666666666666,0.25
23.482,4.9,31,3,3,2,0,7,6,Clumsy,6,1.8571428571428572,0.1875
22.06,4.4,20,7,3,1,0,3,3,Chaotic,10,0.5454545454545454,0.47619047619047616
9.078,2.7,7,2,1,1,0,0,1,Conservative,3,0.25,0.375
14.0,3.0,17,6,6,0,0,4,4,Aggressive,12,0.6153846153846154,0.6666666666666666
28.774,5.2,27,0,3,3,0,4,8,Chaotic,3,3.0,0.10714285714285714
16.617,3.8,7,2,0,0,0,2,0,Conservative,2,0.6666666666666666,0.25
17.727,3.5,16,6,2,4,0,7,8,Chaotic,8,1.6666666666666667,0.47058823529411764
8.389,1.5,2,4,2,3,0,2,0,Pro,6,0.2857142857142857,2.0
17.988,4.8,21,1,1,2,0,5,6,Clumsy,2,3.6666666666666665,0.09090909090909091
16.051,4.4,21,0,2,2,0,8,6,Clumsy,2,4.666666666666667,0.09090909090909091
30.181,5.0,4,1,2,1,0,0,0,Slow,3,0.0,0.6
29.047,4.9,5,2,2,0,0,1,1,Slow,4,0.4,0.6666666666666666
25.603,5.3,37,3,2,2,0,5,5,Clumsy,5,1.6666666666666667,0.13157894736842105
7.088,1.0,0,0,2,0,0,1,2,Pro,2,1.0,2.0
30.867,5.1,3,2,0,2,0,2,2,Slow,2,1.3333333333333333,0.5
39.114,5.9,9,0,1,1,0,0,1,Slow,1,0.5,0.1
27.934,5.5,37,1,1,1,0,6,3,Clumsy,2,3.0,0.05263157894736842
13.611,2.8,3,1,0,3,0,1,2,Conservative,1,1.5,0.25
16.692,4.0,6,1,2,2,0,2,2,Conservative,3,1.0,0.42857142857142855
10.662,2.3,1,1,0,0,0,0,2,Conservative,1,1.0,0.5
12.178,2.5,13,3,7,2,0,5,6,Aggressive,10,1.0,0.7142857142857143
23.284,5.4,30,1,2,1,0,6,5,Clumsy,3,2.75,0.0967741935483871
20.324,5.2,26,2,2,1,0,8,5,Clumsy,4,2.6,0.14814814814814814
24.97,4.4,3,0,0,0,0,2,2,Slow,0,4.0,0.0
29.855,4.0,29,3,0,1,0,8,4,Clumsy,3,3.0,0.1
16.849,3.6,8,2,2,2,0,1,2,Conservative,4,0.6,0.4444444444444444
25.542,4.5,2,1,0,2,0,1,0,Slow,1,0.5,0.3333333333333333
21.716,4.1,2,0,1,2,0,0,0,Slow,1,0.0,0.3333333333333333
17.511,4.0,7,0,1,1,0,1,0,Conservative,1,0.5,0.125
9.485,1.3,8,5,6,1,0,6,4,Aggressive,11,0.8333333333333334,1.2222222222222223
10.106,1.8,11,4,5,3,0,8,3,Aggressive,9,1.1,0.75
27.888,5.6,33,1,2,0,0,5,4,Clumsy,3,2.25,0.08823529411764706
18.0,3.8,7,1,2,0,0,2,0,Conservative,3,0.5,0.375
15.286,4.3,19,1,3,1,1,8,4,Clumsy,4,2.4,0.2
36.393,5.8,9,1,2,1,0,2,2,Slow,3,1.0,0.3
15.995,3.3,0,0,0,1,0,2,2,Conservative,0,4.0,0.0
25.671,5.4,32,1,0,0,0,5,3,Clumsy,1,4.0,0.030303030303030304
20.031,4.6,27,1,3,0,0,3,4,Clumsy,4,1.4,0.14285714285714285
16.696,4.0,2,0,2,2,0,2,2,Conservative,2,1.3333333333333333,0.6666666666666666
28.923,4.9,6,2,2,1,0,2,2,Slow,4,0.8,0.5714285714285714
25.533,4.0,6,2,1,2,0,2,2,Slow,3,1.0,0.42857142857142855
14.0,3.0,18,4,7,1,0,7,4,Aggressive,11,0.9166666666666666,0.5789473684210527
10.41,2.1,5,1,3,4,0,2,0,Pro,4,0.4,0.6666666666666666
26.295,4.8,4,1,0,0,0,1,0,Slow,1,0.5,0.2
24.063,4.6,24,3,6,3,0,7,5,Chaotic,9,1.2,0.36
14.854,2.9,4,0,1,0,0,1,0,Conservative,1,0.5,0.2
15.026,3.3,6,1,1,0,0,0,0,Conservative,2,0.0,0.2857142857142857
28.894,5.8,39,0,2,0,0,3,3,Clumsy,2,2.0,0.05
15.933,4.0,4,0,2,1,0,2,2,Conservative,2,1.3333333333333333,0.4
11.042,1.6,15,3,8,1,0,4,3,Chaotic,11,0.5833333333333334,0.6875
17.303,4.6,22,1,1,0,0,3,3,Clumsy,2,2.0,0.08695652173913043
17.519,3.7,8,1,1,0,0,1,2,Conservative,2,1.0,0.2222222222222222
22.774,5.3,30,3,2,1,0,4,6,Clumsy,5,1.6666666666666667,0.16129032258064516
18.544,5.5,1,2,0,0,0,2,1,Slow,2,1.0,1.0
11.41,2.0,13,4,5,1,0,4,6,Aggressive,9,1.0,0.6428571428571429
12.648,2.6,13,5,3,4,0,4,4,Chaotic,8,0.8888888888888888,0.5714285714285714
24.117,5.0,26,6,1,3,0,3,4,Chaotic,7,0.875,0.25925925925925924
21.021,4.1,1,2,2,0,0,1,0,Slow,4,0.2,2.0
32.409,5.3,5,0,1,2,0,0,1,Slow,1,0.5,0.16666666666666666
11.205,2.1,12,6,1,4,0,9,8,Chaotic,7,2.125,0.5384615384615384
20.586,3.9,24,3,2,2,0,4,4,Clumsy,5,1.3333333333333333,0.2
9.264,1.0,10,1,3,1,0,10,4,Chaotic,4,2.8,0.36363636363636365
23.099,4.8,1,2,0,0,0,1,1,Slow,2,0.6666666666666666,1.0
17.004,4.1,19,0,3,2,0,4,4,Clumsy,3,2.0,0.15
20.973,4.7,28,3,0,2,0,4,6,Clumsy,3,2.5,0.10344827586206896
34.966,5.4,7,2,1,1,0,0,0,Slow,3,0.0,0.375
10.549,2.0,1,2,2,3,0,1,1,Conservative,4,0.4,2.0
10.929,2.0,11,6,3,3,0,5,3,Aggressive,9,0.8,0.75
16.479,3.7,18,5,7,0,0,8,6,Chaotic,12,1.0769230769230769,0.631578947368421
30.127,5.0,5,0,0,0,0,0,1,Slow,0,1.0,0.0
22.608,4.0,2,2,2,2,0,2,1,Slow,4,0.6,1.3333333333333333
8.192,1.3,2,5,2,4,0,2,0,Pro,7,0.25,2.3333333333333335
9.917,1.3,8,3,7,2,0,4,5,Aggressive,10,0.8181818181818182,1.1111111111111112
25.277,4.7,3,2,0,1,0,0,0,Slow,2,0.0,0.5
20.435,4.1,1,2,0,0,0,1,1,Slow,2,0.6666666666666666,1.0
21.828,4.5,3,1,0,2,0,2,2,Slow,1,2.0,0.25
27.179,5.1,23,2,5,5,0,10,5,Chaotic,7,1.875,0.2916666666666667
9.835,1.7,5,2,2,2,0,1,2,Pro,4,0.6,0.6666666666666666
12.75,2.3,16,4,6,2,0,5,4,Aggressive,10,0.8181818181818182,0.5882352941176471
23.902,4.2,1,0,2,2,1,2,0,Slow,2,0.6666666666666666,1.0
26.971,4.7,28,2,3,5,0,7,4,Chaotic,5,1.8333333333333333,0.1724137931034483
14.951,3.2,14,1,3,3,0,4,5,Chaotic,4,1.8,0.26666666666666666
13.997,3.1,3,0,0,2,0,2,2,Conservative,0,4.0,0.0
26.663,4.7,4,0,2,0,0,0,1,Slow,2,0.3333333333333333,0.4
10.663,3.5,9,0,1,0,0,2,2,Conservative,1,2.0,0.1
8.503,1.2,8,3,0,1,0,3,7,Chaotic,3,2.5,0.3333333333333333
29.087,5.6,25,6,0,4,0,4,7,Chaotic,6,1.5714285714285714,0.23076923076923078
11.896,2.3,14,3,7,2,0,4,6,Aggressive,10,0.9090909090909091,0.6666666666666666
20.303,5.1,28,1,1,2,0,6,5,Clumsy,2,3.6666666666666665,0.06896551724137931
23.508,4.7,22,0,3,5,0,10,8,Chaotic,3,4.5,0.13043478260869565
9.186,1.4,7,5,4,1,0,5,3,Aggressive,9,0.8,1.125
29.891,5.0,6,1,1,0,0,2,1,Slow,2,1.0,0.2857142857142857
11.756,2.4,2,2,0,1,0,1,1,Conservative,2,0.6666666666666666,0.6666666666666666
10.683,1.7,13,6,5,1,0,10,4,Chaotic,11,1.1666666666666667,0.7857142857142857
20.471,4.0,24,2,2,1,0,8,5,Clumsy,4,2.6,0.16
11.817,2.0,15,3,8,1,0,8,4,Aggressive,11,1.0,0.6875
9.298,1.9,9,7,5,0,0,5,4,Aggressive,12,0.6923076923076923,1.2
26.72,5.7,36,3,3,0,0,6,3,Clumsy,6,1.2857142857142858,0.16216216216216217
10.0,2.1,0,2,2,1,0,2,1,Conservative,4,0.6,4.0
25.385,4.6,2,2,0,1,0,1,1,Slow,2,0.6666666666666666,0.6666666666666666
29.041,5.0,4,2,0,0,0,0,2,Slow,2,0.6666666666666666,0.4
28.608,6.0,36,1,3,0,0,7,6,Clumsy,4,2.6,0.10810810810810811
10.413,2.0,11,3,6,3,0,4,4,Aggressive,9,0.8,0.75
22.994,4.3,1,1,2,0,0,2,0,Slow,3,0.5,1.5
13.031,2.6,15,7,4,1,0,4,4,Aggressive,11,0.6666666666666666,0.6875
40.0,5.8,10,1,0,0,0,0,0,Slow,1,0.0,0.09090909090909091
9.2,1.1,7,7,2,3,0,3,4,Aggressive,9,0.7,1.125
40.0,5.9,10,0,2,1,0,2,1,Slow,2,1.0,0.18181818181818182
17.439,4.1,21,2,1,0,0,3,4,Clumsy,3,1.75,0.13636363636363635
15.148,3.4,15,1,5,3,0,9,8,Chaotic,6,2.4285714285714284,0.375
16.461,3.4,6,2,1,1,0,0,0,Conservative,3,0.0,0.42857142857142855
13.712,3.0,18,4,3,0,0,6,6,Aggressive,7,1.5,0.3684210526315789
7.048,1.1,10,2,5,3,0,9,4,Chaotic,7,1.625,0.6363636363636364
11.141,2.0,0,0,2,1,0,0,1,Conservative,2,0.3333333333333333,2.0
26.106,5.0,1,1,1,0,0,0,2,Slow,2,0.6666666666666666,1.0
11.35,2.3,2,0,1,1,0,0,1,Conservative,1,0.5,0.3333333333333333
30.0,6.0,40,1,3,2,0,7,3,Clumsy,4,2.0,0.0975609756097561
21.888,4.8,28,3,1,0,0,8,5,Clumsy,4,2.6,0.13793103448275862
10.058,1.1,19,3,8,1,0,6,5,Aggressive,11,0.9166666666666666,0.55
25.088,5.1,36,0,1,2,0,8,5,Clumsy,1,6.5,0.02702702702702703
15.865,3.7,7,0,0,0,0,2,0,Conservative,0,2.0,0.0
33.733,5.5,5,2,2,1,0,0,1,Slow,4,0.2,0.6666666666666666
10.12,1.6,10,3,3,5,0,7,6,Aggressive,6,1.8571428571428572,0.5454545454545454
13.355,3.1,1,1,0,1,0,2,0,Conservative,1,1.0,0.5
16.523,2.7,17,0,6,0,0,8,6,Chaotic,6,2.0,0.3333333333333333
14.77,3.1,4,2,0,3,0,0,1,Conservative,2,0.3333333333333333,0.4
8.0,1.1,6,5,6,1,0,6,4,Aggressive,11,0.8333333333333334,1.5714285714285714
34.193,5.5,7,0,0,1,0,1,1,Slow,0,2.0,0.0
36.92,5.9,7,1,0,2,0,0,2,Slow,1,1.0,0.125
13.764,2.6,14,5,4,3,0,4,5,Chaotic,9,0.9,0.6
14.622,3.5,4,2,2,1,0,2,0,Conservative,4,0.4,0.8
21.618,5.1,3,2,0,2,0,0,0,Slow,2,0.0,0.5
39.899,6.0,7,1,2,2,0,2,0,Slow,3,0.5,0.375
33.875,5.3,5,0,1,0,0,2,2,Slow,1,2.0,0.16666666666666666
10.155,2.4,1,2,0,1,0,1,2,Conservative,2,1.0,1.0
25.992,5.8,38,0,1,2,0,6,3,Clumsy,1,4.5,0.02564102564102564
25.52,5.3,27,1,0,3,0,7,8,Chaotic,1,7.5,0.03571428571428571
10.325,1.7,11,1,7,4,0,4,4,Aggressive,8,0.8888888888888888,0.6666666666666666
12.811,1.0,10,7,2,3,0,10,8,Chaotic,9,1.8,0.8181818181818182
31.773,5.0,6,1,0,0,0,2,0,Slow,1,1.0,0.14285714285714285
12.531,3.0,2,2,0,3,0,0,0,Conservative,2,0.0,0.6666666666666666
25.66,5.0,26,1,5,1,0,3,6,Chaotic,6,1.2857142857142858,0.2222222222222222
8.604,1.0,8,6,4,2,0,8,3,Aggressive,10,1.0,1.1111111111111112
25.044,4.8,3,2,1,2,0,2,2,Slow,3,1.0,0.75
27.131,5.5,35,3,2,0,0,8,5,Clumsy,5,2.1666666666666665,0.1388888888888889
24.061,5.3,34,1,1,1,0,3,5,Clumsy,2,2.6666666666666665,0.05714285714285714
21.124,5.4,31,3,3,0,0,5,4,Clumsy,6,1.2857142857142858,0.1875
10.489,1.8,12,8,2,2,0,4,4,Aggressive,10,0.7272727272727273,0.7692307692307693
16.107,4.3,21,0,1,2,0,3,5,Clumsy,1,4.0,0.045454545454545456
15.469,3.4,5,2,1,3,0,2,0,Conservative,3,0.5,0.5
39.273,5.9,8,1,0,2,0,0,1,Slow,1,0.5,0.1111111111111111
32.738,5.3,5,0,0,0,0,0,2,Slow,0,2.0,0.0
14.017,2.9,4,1,1,0,0,1,1,Conservative,2,0.6666666666666666,0.4
29.632,4.7,4,2,1,0,0,1,2,Slow,3,0.75,0.6
26.727,5.5,39,1,3,1,0,8,3,Clumsy,4,2.2,0.1
23.384,4.2,1,0,2,2,0,2,0,Slow,2,0.6666666666666666,1.0
26.895,5.0,23,0,3,3,0,3,5,Chaotic,3,2.0,0.125
18.324,4.5,23,0,2,2,0,3,4,Clumsy,2,2.3333333333333335,0.08333333333333333
10.135,2.1,1,1,0,0,0,2,1,Conservative,1,1.5,0.5
8.0,1.0,5,7,3,0,0,7,5,Aggressive,10,1.0909090909090908,1.6666666666666667
16.745,4.0,6,0,1,3,0,1,1,Conservative,1,1.0,0.14285714285714285
21.354,4.1,1,0,2,1,0,0,1,Slow,2,0.3333333333333333,1.0
30.0,6.0,39,2,0,2,0,7,4,Clumsy,2,3.6666666666666665,0.05
11.568,2.4,3,1,1,2,0,0,0,Conservative,2,0.0,0.5
8.735,1.7,3,5,1,5,0,0,0,Pro,6,0.0,1.5
29.855,4.9,8,1,2,0,0,0,2,Slow,3,0.5,0.3333333333333333
13.021,2.7,16,7,5,0,0,3,5,Aggressive,12,0.6153846153846154,0.7058823529411765
11.421,2.3,2,2,1,3,0,0,0,Conservative,3,0.0,1.0
19.77,4.7,27,2,2,1,0,3,6,Clumsy,4,1.8,0.14285714285714285
13.139,2.8,16,6,3,3,0,5,3,Aggressive,9,0.8,0.5294117647058824
20.919,4.2,1,2,2,2,0,1,2,Slow,4,0.6,2.0
15.42,4.1,21,0,1,0,0,4,6,Clumsy,1,5.0,0.045454545454545456
9.248,2.4,8,6,5,1,0,5,3,Aggressive,11,0.6666666666666666,1.2222222222222223
12.972,2.7,18,5,6,1,0,7,5,Aggressive,11,1.0,0.5789473684210527
14.634,3.1,4,1,1,2,0,1,2,Conservative,2,1.0,0.4
9.937,1.7,6,0,0,5,0,1,2,Pro,0,3.0,0.0
13.123,2.7,14,5,3,4,0,4,6,Aggressive,8,1.1111111111111112,0.5333333333333333
7.642,1.1,1,2,2,4,0,0,0,Pro,4,0.0,2.0
9.829,1.8,8,4,5,3,0,5,6,Aggressive,9,1.1,1.0
28.663,4.8,5,2,2,0,0,0,2,Slow,4,0.4,0.6666666666666666
20.0,4.0,1,2,1,1,0,1,1,Slow,3,0.5,1.5
12.951,2.6,2,2,2,2,0,0,1,Conservative,4,0.2,1.3333333333333333
34.805,5.3,6,1,0,0,0,0,2,Slow,1,1.0,0.14285714285714285
27.63,5.1,26,3,2,4,0,3,4,Chaotic,5,1.1666666666666667,0.18518518518518517
20.0,4.0,1,2,0,2,0,2,0,Slow,2,0.6666666666666666,1.0
30.408,5.2,6,2,1,0,0,0,0,Slow,3,0.0,0.42857142857142855
7.404,1.3,2,0,2,2,0,1,2,Pro,2,1.0,0.6666666666666666
30.373,4.9,43,1,0,1,0,3,5,Clumsy,1,4.0,0.022727272727272728
13.128,3.0,17,3,6,3,0,7,6,Aggressive,9,1.3,0.5
24.861,4.8,3,1,1,0,0,0,0,Slow,2,0.0,0.5
26.296,5.3,34,3,3,0,0,8,6,Clumsy,6,2.0,0.17142857142857143
18.306,4.1,18,2,4,3,0,7,3,Chaotic,6,1.4285714285714286,0.3157894736842105
11.773,2.4,12,7,4,1,0,7,6,Aggressive,11,1.0833333333333333,0.8461538461538461
23.203,5.2,33,1,2,2,0,4,3,Clumsy,3,1.75,0.08823529411764706
10.627,2.1,11,4,7,1,0,5,4,Aggressive,11,0.75,0.9166666666666666
26.585,4.9,23,7,3,1,0,10,7,Chaotic,10,1.5454545454545454,0.4166666666666667
28.815,6.0,37,3,2,1,0,7,4,Clumsy,5,1.8333333333333333,0.13157894736842105
20.435,5.0,30,2,1,0,0,5,6,Clumsy,3,2.75,0.0967741935483871
14.911,3.5,5,0,1,3,0,2,0,Conservative,1,1.0,0.16666666666666666
27.047,5.6,36,2,0,2,0,3,5,Clumsy,2,2.6666666666666665,0.05405405405405406
21.622,5.1,30,1,0,1,0,6,6,Clumsy,1,6.0,0.03225806451612903
40.0,5.9,9,0,1,0,0,2,1,Slow,1,1.5,0.1
31.367,5.4,23,0,3,0,0,7,5,Clumsy,3,3.0,0.125
11.695,2.8,3,0,2,3,0,0,1,Conservative,2,0.3333333333333333,0.5
32.171,5.0,7,1,0,2,0,0,1,Slow,1,0.5,0.125
27.39,6.0,24,4,0,0,0,6,6,Chaotic,4,2.4,0.16
19.815,5.0,27,3,0,0,0,6,4,Clumsy,3,2.5,0.10714285714285714
33.294,4.8,10,5,5,2,0,9,7,Chaotic,10,1.4545454545454546,0.9090909090909091
14.473,3.2,18,4,6,2,0,6,6,Aggressive,10,1.0909090909090908,0.5263157894736842
10.713,1.8,10,8,4,0,0,6,5,Aggressive,12,0.8461538461538461,1.0909090909090908
12.247,4.2,18,0,0,1,0,3,6,Clumsy,0,9.0,0.0
20.309,4.6,28,0,1,2,0,6,6,Clumsy,1,6.0,0.034482758620689655
17.939,3.4,18,5,4,3,0,10,3,Chaotic,9,1.3,0.47368421052631576
26.963,4.7,2,2,2,1,0,2,1,Slow,4,0.6,1.3333333333333333
13.509,2.9,5,0,2,1,0,2,2,Conservative,2,1.3333333333333333,0.3333333333333333
20.674,4.1,0,1,0,2,0,2,1,Slow,1,1.5,1.0
10.0,2.0,1,0,0,2,0,2,2,Conservative,0,4.0,0.0
11.485,2.0,10,8,0,0,0,6,3,Chaotic,8,1.0,0.7272727272727273
13.134,3.0,4,2,2,1,0,1,0,Conservative,4,0.2,0.8
20.067,5.0,28,2,2,2,0,3,5,Clumsy,4,1.6,0.13793103448275862
35.622,5.6,9,1,2,0,0,2,1,Slow,3,0.75,0.3
16.635,3.7,7,0,2,3,0,1,0,Conservative,2,0.3333333333333333,0.25
7.776,1.3,1,5,1,0,0,1,1,Pro,6,0.2857142857142857,3.0
12.88,1.2,4,6,3,3,0,5,5,Aggressive,9,1.0,1.8
24.623,5.7,33,2,1,2,0,3,4,Clumsy,3,1.75,0.08823529411764706
29.949,4.9,5,2,2,0,0,0,2,Slow,4,0.4,0.6666666666666666
35.337,6.0,8,0,0,1,0,0,2,Slow,0,2.0,0.0
36.031,5.4,9,1,1,1,0,2,2,Slow,2,1.3333333333333333,0.2
13.346,3.0,17,7,5,0,0,4,4,Aggressive,12,0.6153846153846154,0.6666666666666666
8.0,1.0,6,1,7,4,0,5,6,Aggressive,8,1.2222222222222223,1.1428571428571428
8.367,1.2,8,6,3,3,0,3,6,Aggressive,9,0.9,1.0
9.992,1.7,9,7,3,1,0,6,6,Aggressive,10,1.0909090909090908,1.0
26.699,4.5,23,0,5,2,0,4,5,Chaotic,5,1.5,0.20833333333333334
26.625,5.6,35,0,2,0,0,5,4,Clumsy,2,3.0,0.05555555555555555
12.204,2.5,12,4,3,3,0,4,4,Aggressive,7,1.0,0.5384615384615384
29.311,5.9,40,0,2,1,0,6,5,Clumsy,2,3.6666666666666665,0.04878048780487805
14.0,3.0,17,7,3,0,0,8,3,Aggressive,10,1.0,0.5555555555555556
10.853,2.0,13,6,6,0,0,5,5,Aggressive,12,0.7692307692307693,0.8571428571428571
18.389,4.5,27,1,2,1,0,3,4,Clumsy,3,1.75,0.10714285714285714
27.427,4.9,4,0,0,2,0,0,2,Slow,0,2.0,0.0
17.902,4.0,7,1,1,2,0,2,2,Conservative,2,1.3333333333333333,0.25
10.969,2.2,13,5,6,1,0,7,5,Aggressive,11,1.0,0.7857142857142857
28.099,5.9,31,1,0,1,0,6,6,Clumsy,1,6.0,0.03125
36.233,5.8,7,1,0,0,0,2,2,Slow,1,2.0,0.125
26.502,5.5,31,3,0,2,0,4,4,Clumsy,3,2.0,0.09375
9.574,1.6,8,6,2,4,0,6,4,Aggressive,8,1.1111111111111112,0.8888888888888888
16.37,3.6,7,1,1,2,0,2,1,Conservative,2,1.0,0.25
20.75,4.7,1,1,0,1,0,0,2,Slow,1,1.0,0.5
20.721,4.0,0,1,1,1,0,1,2,Slow,2,1.0,2.0
32.383,5.4,6,2,0,1,0,2,0,Slow,2,0.6666666666666666,0.2857142857142857
25.397,5.3,31,2,1,1,0,3,4,Clumsy,3,1.75,0.09375
34.532,5.4,7,0,1,1,0,2,2,Slow,1,2.0,0.125
14.827,3.4,4,2,2,3,0,0,2,Conservative,4,0.4,0.8
15.98,2.7,17,3,2,4,0,6,6,Chaotic,5,2.0,0.2777777777777778
10.504,2.0,1,2,1,2,0,1,2,Conservative,3,0.75,1.5
30.95,4.5,6,1,1,2,0,2,2,Slow,2,1.3333333333333333,0.2857142857142857
27.478,5.1,24,6,5,1,0,4,5,Chaotic,11,0.75,0.44
14.016,2.0,11,6,1,0,0,4,3,Chaotic,7,0.875,0.5833333333333334
26.403,5.2,43,2,1,2,0,5,6,Clumsy,3,2.75,0.06818181818181818
24.199,4.7,24,8,1,1,0,4,4,Chaotic,9,0.8,0.36
38.593,5.8,9,2,1,2,0,1,0,Slow,3,0.25,0.3
13.2,2.1,12,8,0,4,0,3,3,Chaotic,8,0.6666666666666666,0.6153846153846154
20.497,5.1,26,2,0,1,0,7,3,Clumsy,2,3.3333333333333335,0.07407407407407407
11.634,2.4,14,7,5,0,0,8,6,Aggressive,12,1.0769230769230769,0.8
14.946,3.2,6,2,1,0,0,2,2,Conservative,3,1.0,0.42857142857142855
35.527,5.6,6,2,0,1,0,1,2,Slow,2,1.0,0.2857142857142857
7.369,1.1,0,4,0,4,0,2,2,Pro,4,0.8,4.0
22.349,4.9,32,2,1,1,0,5,4,Clumsy,3,2.25,0.09090909090909091
31.33,5.2,6,0,2,2,0,2,2,Slow,2,1.3333333333333333,0.2857142857142857
11.581,2.2,3,2,1,3,0,0,1,Conservative,3,0.25,0.75
14.994,3.7,5,1,0,0,0,1,2,Conservative,1,1.5,0.16666666666666666
16.497,3.5,6,1,1,3,0,1,0,Conservative,2,0.3333333333333333,0.2857142857142857
30.785,5.3,7,0,1,1,0,2,1,Slow,1,1.5,0.125
12.699,1.9,14,3,7,2,0,3,7,Chaotic,10,0.9090909090909091,0.6666666666666666
14.454,4.0,20,0,0,2,0,7,4,Clumsy,0,11.0,0.0
16.929,3.4,7,1,2,0,0,0,1,Conservative,3,0.25,0.375
10.0,2.0,0,1,2,1,0,0,1,Conservative,3,0.25,3.0
31.217,5.2,4,2,0,0,0,2,2,Slow,2,1.3333333333333333,0.4
36.381,5.5,8,1,0,0,0,0,2,Slow,1,1.0,0.1111111111111111
17.88,4.5,17,1,3,0,0,6,6,Clumsy,4,2.4,0.2222222222222222
38.304,5.8,8,0,0,1,0,0,0,Slow,0,0.0,0.0
10.31,1.9,5,0,2,0,0,0,2,Pro,2,0.6666666666666666,0.3333333333333333
10.852,2.2,2,0,2,3,0,0,0,Conservative,2,0.0,0.6666666666666666
11.786,2.4,2,0,1,2,0,1,1,Conservative,1,1.0,0.3333333333333333
34.694,4.1,5,1,2,1,0,1,1,Slow,3,0.5,0.5
19.151,3.7,19,4,4,4,0,8,8,Chaotic,8,1.7777777777777777,0.4
13.656,3.2,5,2,0,2,0,2,1,Conservative,2,1.0,0.3333333333333333
26.86,5.7,34,3,2,0,0,7,3,Clumsy,5,1.6666666666666667,0.14285714285714285
19.565,5.9,17,4,5,3,0,6,3,Chaotic,9,0.9,0.5
34.796,5.6,8,2,2,2,0,0,1,Slow,4,0.2,0.4444444444444444
37.547,5.8,8,0,1,0,0,2,0,Slow,1,1.0,0.1111111111111111
36.621,5.8,9,1,1,1,0,1,2,Slow,2,1.0,0.2
14.0,4.0,20,0,2,2,0,5,5,Clumsy,2,3.3333333333333335,0.09523809523809523
12.074,2.5,19,3,3,4,0,3,3,Aggressive,6,0.8571428571428571,0.3
26.215,5.1,38,3,1,1,0,4,6,Clumsy,4,2.0,0.10256410256410256
18.113,3.2,18,6,1,5,0,3,4,Chaotic,7,0.875,0.3684210526315789
37.944,5.9,8,0,0,2,0,0,0,Slow,0,0.0,0.0
35.755,5.5,6,0,0,0,0,2,2,Slow,0,4.0,0.0
15.796,3.5,6,1,1,0,0,1,0,Conservative,2,0.3333333333333333,0.2857142857142857
20.0,4.1,1,0,0,2,0,2,2,Slow,0,4.0,0.0
21.006,4.0,0,0,1,1,0,1,1,Slow,1,1.0,1.0
9.14,1.1,12,5,5,2,0,7,5,Aggressive,10,1.0909090909090908,0.7692307692307693
32.039,5.3,6,2,2,2,0,1,1,Slow,4,0.4,0.5714285714285714
11.421,2.0,11,3,5,4,0,8,4,Aggressive,8,1.3333333333333333,0.6666666666666666
27.207,5.5,3,2,0,1,0,1,1,Slow,2,0.6666666666666666,0.5
20.742,4.1,0,2,2,0,0,1,1,Slow,4,0.4,4.0
39.146,6.0,10,2,2,1,0,2,2,Slow,4,0.8,0.36363636363636365
7.13,1.7,6,3,6,3,0,3,5,Aggressive,9,0.8,1.2857142857142858
25.346,5.3,34,3,0,1,0,5,6,Clumsy,3,2.75,0.08571428571428572
13.855,3.0,4,0,1,1,0,1,1,Conservative,1,1.0,0.2
8.903,2.1,12,2,0,1,0,10,3,Chaotic,2,4.333333333333333,0.15384615384615385
30.0,6.0,36,0,0,0,0,3,4,Clumsy,0,7.0,0.0
15.067,3.4,6,1,1,3,0,0,2,Conservative,2,0.6666666666666666,0.2857142857142857
7.308,1.0,0,0,1,4,0,1,2,Pro,1,1.5,1.0
20.973,4.0,1,0,0,2,0,2,1,Slow,0,3.0,0.0
21.313,4.9,28,0,2,1,0,7,4,Clumsy,2,3.6666666666666665,0.06896551724137931
27.556,5.2,19,1,0,2,0,4,6,Clumsy,1,5.0,0.05
15.303,3.7,8,2,2,2,0,2,2,Conservative,4,0.8,0.4444444444444444
9.617,1.6,9,5,3,4,0,8,4,Aggressive,8,1.3333333333333333,0.8
26.191,5.5,36,1,3,0,0,8,4,Clumsy,4,2.4,0.10810810810810811
11.947,2.1,14,8,4,0,0,6,5,Aggressive,12,0.8461538461538461,0.8
9.116,1.5,9,4,5,3,0,3,5,Aggressive,9,0.8,0.9
12.458,2.6,15,6,2,4,0,6,3,Aggressive,8,1.0,0.5
20.0,4.0,0,0,2,1,0,0,1,Slow,2,0.3333333333333333,2.0
17.949,4.5,25,0,2,0,0,8,5,Clumsy,2,4.333333333333333,0.07692307692307693
23.506,5.3,28,3,0,1,0,4,3,Clumsy,3,1.75,0.10344827586206896
31.039,5.1,6,0,2,0,0,2,1,Slow,2,1.0,0.2857142857142857
7.0,1.1,0,3,0,1,0,1,2,Pro,3,0.75,3.0
12.538,2.0,12,7,4,0,0,3,3,Chaotic,11,0.5,0.8461538461538461
25.625,5.3,34,0,1,0,0,8,5,Clumsy,1,6.5,0.02857142857142857
40.0,6.0,9,0,1,0,0,2,0,Slow,1,1.0,0.1
19.162,4.6,22,1,3,2,0,4,4,Clumsy,4,1.6,0.17391304347826086
11.015,2.6,1,2,2,1,0,0,2,Conservative,4,0.4,2.0
10.057,1.7,10,4,3,2,0,8,5,Aggressive,7,1.625,0.6363636363636364
16.002,3.3,5,2,2,2,0,0,2,Conservative,4,0.4,0.6666666666666666
15.398,2.5,17,1,5,3,0,10,8,Chaotic,6,2.5714285714285716,0.3333333333333333
8.552,1.4,2,1,2,3,0,1,2,Pro,3,0.75,1.0
26.3,4.5,4,0,0,0,0,0,0,Slow,0,0.0,0.0
37.786,5.9,9,0,2,2,0,2,2,Slow,2,1.3333333333333333,0.2
26.773,5.6,35,0,2,0,0,5,4,Clumsy,2,3.0,0.05555555555555555
10.878,2.0,1,1,0,2,0,2,2,Conservative,1,2.0,0.5
22.172,5.1,30,1,1,0,0,4,5,Clumsy,2,3.0,0.06451612903225806
20.0,4.1,0,1,2,2,0,2,1,Slow,3,0.75,3.0
12.419,2.3,14,6,5,1,0,3,3,Aggressive,11,0.5,0.7333333333333333
35.961,5.8,8,0,0,1,0,2,1,Slow,0,3.0,0.0
22.643,5.3,29,1,2,2,0,5,6,Clumsy,3,2.75,0.1
37.943,5.6,9,2,2,0,0,1,2,Slow,4,0.6,0.4
18.16,4.7,26,3,3,0,0,5,4,Clumsy,6,1.2857142857142858,0.2222222222222222
29.855,6.0,38,1,0,2,0,5,5,Clumsy,1,5.0,0.02564102564102564
30.0,6.0,28,5,5,2,0,7,8,Chaotic,10,1.3636363636363635,0.3448275862068966
10.188,2.3,0,1,1,3,0,0,1,Conservative,2,0.3333333333333333,2.0
18.134,3.5,19,4,3,3,0,5,7,Chaotic,7,1.5,0.35
12.422,2.6,2,1,0,1,0,0,0,Conservative,1,0.0,0.3333333333333333
16.115,3.7,6,0,1,1,0,0,1,Conservative,1,0.5,0.14285714285714285
23.09,4.5,2,1,1,2,0,0,2,Slow,2,0.6666666666666666,0.6666666666666666
21.6,4.5,31,3,2,1,0,8,6,Clumsy,5,2.3333333333333335,0.15625
29.118,6.0,39,2,3,1,0,4,5,Clumsy,5,1.5,0.125
23.082,4.3,2,0,2,2,0,2,1,Slow,2,1.0,0.6666666666666666
14.941,3.4,6,1,0,0,0,1,1,Conservative,1,1.0,0.14285714285714285
12.688,2.6,3,0,0,1,0,0,2,Conservative,0,2.0,0.0
21.585,5.3,30,3,3,0,0,7,4,Clumsy,6,1.5714285714285714,0.1935483870967742
10.828,3.1,14,4,4,2,0,5,3,Aggressive,8,0.8888888888888888,0.5333333333333333
7.272,1.1,1,2,1,4,0,1,0,Pro,3,0.25,1.5
11.863,2.8,2,2,0,1,0,0,0,Conservative,2,0.0,0.6666666666666666
17.107,3.6,7,2,0,0,0,0,0,Conservative,2,0.0,0.25
20.559,4.1,1,2,1,0,0,1,1,Slow,3,0.5,1.5
14.479,2.8,3,1,2,2,0,2,1,Conservative,3,0.75,0.75
24.806,4.4,3,2,0,1,0,2,2,Slow,2,1.3333333333333333,0.5
8.303,2.7,8,5,5,0,0,5,6,Aggressive,10,1.0,1.1111111111111112
16.464,3.5,6,2,2,3,0,1,2,Conservative,4,0.6,0.5714285714285714
30.0,6.0,39,1,0,2,0,4,6,Clumsy,1,5.0,0.025
20.0,4.2,1,0,1,0,0,0,2,Slow,1,1.0,0.5
11.197,2.0,11,6,3,3,0,6,6,Aggressive,9,1.2,0.75
22.364,4.9,29,2,2,0,0,6,6,Clumsy,4,2.4,0.13333333333333333
26.551,5.9,37,2,0,2,0,8,3,Clumsy,2,3.6666666666666665,0.05263157894736842
12.354,2.2,2,0,1,1,0,1,2,Conservative,1,1.5,0.3333333333333333
19.548,4.8,27,1,3,1,0,8,6,Clumsy,4,2.8,0.14285714285714285
7.461,1.0,0,3,0,2,0,1,1,Pro,3,0.5,3.0
12.526,3.3,7,4,7,1,0,8,3,Aggressive,11,0.9166666666666666,1.375
23.345,5.3,28,3,2,2,1,6,3,Clumsy,5,1.5,0.1724137931034483
33.018,5.1,6,1,2,0,0,0,0,Slow,3,0.0,0.42857142857142855
8.853,1.0,7,4,6,2,0,4,3,Aggressive,10,0.6363636363636364,1.25
23.162,5.1,33,1,2,0,0,5,4,Clumsy,3,2.25,0.08823529411764706
25.856,4.0,4,1,1,2,0,1,0,Slow,2,0.3333333333333333,0.4
10.0,2.0,0,2,1,1,0,0,2,Conservative,3,0.5,3.0
14.0,3.0,16,5,3,2,0,6,6,Aggressive,8,1.3333333333333333,0.47058823529411764
15.802,3.5,6,0,1,1,0,0,2,Conservative,1,1.0,0.14285714285714285
10.698,1.9,6,0,2,4,0,1,0,Pro,2,0.3333333333333333,0.2857142857142857
12.278,2.4,15,4,7,1,0,6,4,Aggressive,11,0.8333333333333334,0.6875
23.18,4.9,34,1,1,0,0,4,3,Clumsy,2,2.3333333333333335,0.05714285714285714
17.05,3.4,8,0,0,1,1,0,0,Conservative,0,0.0,0.0
20.0,4.0,0,2,1,1,0,0,0,Slow,3,0.0,3.0
28.162,5.0,6,2,1,0,0,1,2,Slow,3,0.75,0.42857142857142855
27.579,4.8,6,1,2,2,0,2,0,Slow,3,0.5,0.42857142857142855
9.804,4.1,1,0,2,1,0,1,0,Conservative,2,0.3333333333333333,1.0
15.454,2.1,15,4,1,1,0,3,7,Chaotic,5,1.6666666666666667,0.3125
18.28,3.7,20,5,1,3,0,3,7,Chaotic,6,1.4285714285714286,0.2857142857142857
20.139,4.3,20,0,5,5,0,8,3,Chaotic,5,1.8333333333333333,0.23809523809523808
7.542,2.7,12,3,5,4,0,5,4,Aggressive,8,1.0,0.6153846153846154
15.721,3.0,5,1,1,0,0,0,1,Conservative,2,0.3333333333333333,0.3333333333333333
14.616,3.4,4,0,2,1,0,2,1,Conservative,2,1.0,0.4
8.849,3.7,6,0,1,1,0,0,1,Conservative,1,0.5,0.14285714285714285
23.579,4.3,3,0,2,2,0,0,2,Slow,2,0.6666666666666666,0.5
37.095,5.5,8,1,2,2,0,1,2,Slow,3,0.75,0.3333333333333333
23.642,5.0,35,1,2,1,0,4,4,Clumsy,3,2.0,0.08333333333333333
11.997,2.2,13,8,3,0,0,6,5,Aggressive,11,0.9166666666666666,0.7857142857142857
11.208,2.6,2,2,1,0,0,1,0,Conservative,3,0.25,1.0
16.712,4.4,31,1,1,2,0,3,3,Clumsy,2,2.0,0.0625
23.012,4.9,34,0,2,2,0,6,3,Clumsy,2,3.0,0.05714285714285714
24.53,4.3,2,1,1,0,0,2,2,Slow,2,1.3333333333333333,0.6666666666666666
11.473,2.5,2,1,2,1,0,2,0,Conservative,3,0.5,1.0
40.0,5.9,10,0,0,0,0,0,0,Slow,0,0.0,0.0
24.927,5.5,30,0,3,1,0,4,6,Clumsy,3,2.5,0.0967741935483871
21.003,4.1,2,0,2,0,0,2,1,Slow,2,1.0,0.6666666666666666
14.21,2.6,6,1,2,2,0,1,1,Conservative,3,0.5,0.42857142857142855
17.899,3.6,21,4,7,1,0,7,6,Chaotic,11,1.0833333333333333,0.5
11.55,1.3,13,2,2,3,0,7,3,Chaotic,4,2.0,0.2857142857142857
22.736,5.4,32,3,1,1,0,6,5,Clumsy,4,2.2,0.12121212121212122
27.466,4.9,4,1,0,2,0,0,2,Slow,1,1.0,0.2
9.473,1.3,9,3,3,1,0,7,3,Aggressive,6,1.4285714285714286,0.6
15.88,3.3,5,1,2,1,0,1,1,Conservative,3,0.5,0.5
33.433,5.3,8,0,2,1,0,0,2,Slow,2,0.6666666666666666,0.2222222222222222
20.157,4.4,26,1,1,1,0,6,5,Clumsy,2,3.6666666666666665,0.07407407407407407
11.619,1.8,14,4,5,0,0,4,5,Aggressive,9,0.9,0.6
15.004,3.5,4,1,0,3,0,2,2,Conservative,1,2.0,0.2
26.432,5.5,37,2,3,2,0,6,5,Clumsy,5,1.8333333333333333,0.13157894736842105
13.916,2.2,16,2,8,2,0,3,3,Chaotic,10,0.5454545454545454,0.5882352941176471
27.672,4.6,3,0,2,1,0,1,2,Slow,2,1.0,0.5
10.769,2.0,2,0,2,1,0,2,0,Conservative,2,0.6666666666666666,0.6666666666666666
27.773,5.8,35,1,3,2,0,4,6,Clumsy,4,2.0,0.1111111111111111
21.522,4.5,3,1,2,0,0,0,2,Slow,3,0.5,0.75
14.827,3.2,4,1,0,0,0,1,0,Conservative,1,0.5,0.2
26.557,4.8,5,1,0,0,0,2,0,Slow,1,1.0,0.16666666666666666
12.397,2.5,14,6,6,0,0,4,5,Aggressive,12,0.6923076923076923,0.8
34.475,5.4,8,2,0,2,0,0,0,Slow,2,0.0,0.2222222222222222
8.692,1.3,3,4,0,3,0,0,1,Pro,4,0.2,1.0
9.543,1.1,13,6,2,3,0,9,5,Chaotic,8,1.5555555555555556,0.5714285714285714
38.865,5.5,9,0,1,1,0,0,0,Slow,1,0.0,0.1
10.874,2.0,6,3,2,3,0,2,2,Pro,5,0.6666666666666666,0.7142857142857143
14.359,3.3,5,1,2,0,0,2,0,Conservative,3,0.5,0.5
15.38,4.3,20,0,1,0,0,5,3,Clumsy,1,4.0,0.047619047619047616
15.918,4.1,19,2,2,2,0,8,5,Clumsy,4,2.6,0.2
9.335,1.0,12,4,0,0,0,10,8,Chaotic,4,3.6,0.3076923076923077
19.084,2.6,17,8,1,3,0,6,7,Chaotic,9,1.3,0.5
18.125,3.7,15,7,0,5,0,10,4,Chaotic,7,1.75,0.4375
10.062,2.6,10,2,1,2,0,9,4,Chaotic,3,3.25,0.2727272727272727
10.235,2.1,0,0,2,2,0,1,2,Conservative,2,1.0,2.0
10.002,1.6,3,5,1,1,0,0,1,Pro,6,0.14285714285714285,1.5
25.493,5.0,22,5,1,0,0,6,8,Chaotic,6,2.0,0.2608695652173913
13.388,3.1,3,0,2,1,0,1,0,Conservative,2,0.3333333333333333,0.5
16.372,3.5,5,0,0,0,0,1,1,Conservative,0,2.0,0.0
16.318,3.6,5,1,0,3,0,2,0,Conservative,1,1.0,0.16666666666666666
12.243,3.1,4,6,5,1,0,6,5,Aggressive,11,0.9166666666666666,2.2
11.592,2.4,11,3,5,1,0,4,5,Aggressive,8,1.0,0.6666666666666666
28.052,4.5,4,1,2,1,0,1,2,Slow,3,0.75,0.6
14.556,4.0,19,2,2,0,0,5,3,Clumsy,4,1.6,0.2
21.449,4.4,2,2,0,1,0,0,0,Slow,2,0.0,0.6666666666666666
10.367,1.9,5,2,2,4,0,0,2,Pro,4,0.4,0.6666666666666666
24.572,4.4,1,2,2,1,0,0,0,Slow,4,0.0,2.0
27.03,4.5,6,0,1,2,0,0,1,Slow,1,0.5,0.14285714285714285
9.288,1.2,8,5,2,5,0,6,5,Aggressive,7,1.375,0.7777777777777778
10.216,1.7,9,6,3,3,0,8,6,Aggressive,9,1.4,0.9
18.0,4.0,8,1,1,2,0,1,1,Conservative,2,0.6666666666666666,0.2222222222222222
24.548,5.4,30,0,2,0,0,7,3,Clumsy,2,3.3333333333333335,0.06451612903225806
15.468,4.3,22,0,3,2,0,3,4,Clumsy,3,1.75,0.13043478260869565
24.655,4.3,4,2,0,1,0,2,2,Slow,2,1.3333333333333333,0.4
34.583,5.3,5,2,1,2,0,0,0,Slow,3,0.0,0.5
21.759,5.0,34,1,1,0,0,8,4,Clumsy,2,4.0,0.05714285714285714
14.657,3.1,4,0,2,3,0,2,0,Conservative,2,0.6666666666666666,0.4
17.351,4.2,25,1,2,1,0,8,4,Clumsy,3,3.0,0.11538461538461539
15.298,2.8,9,0,1,2,0,2,1,Conservative,1,1.5,0.1
10.951,1.7,10,8,4,0,0,8,3,Aggressive,12,0.8461538461538461,1.0909090909090908
9.265,3.2,7,2,1,2,0,1,2,Conservative,3,0.75,0.375
9.759,1.6,9,2,8,2,0,7,5,Aggressive,10,1.0909090909090908,1.0
8.208,1.0,6,5,5,2,0,6,5,Aggressive,10,1.0,1.4285714285714286
8.902,1.4,7,5,3,3,0,7,4,Aggressive,8,1.2222222222222223,1.0
13.037,2.9,2,1,2,0,0,2,0,Conservative,3,0.5,1.0
11.311,2.2,1,1,1,2,0,1,1,Conservative,2,0.6666666666666666,1.0
8.667,2.1,4,4,1,2,0,2,1,Pro,5,0.5,1.0
20.0,4.1,0,1,2,1,0,2,0,Slow,3,0.5,3.0
12.629,2.4,15,5,3,4,0,6,6,Aggressive,8,1.3333333333333333,0.5
27.745,4.4,3,1,2,2,0,2,0,Slow,3,0.5,0.75
18.347,4.6,19,0,3,1,0,5,5,Clumsy,3,2.5,0.15
12.025,2.4,1,2,2,3,0,2,2,Conservative,4,0.8,2.0
12.619,2.4,1,2,1,2,0,0,1,Conservative,3,0.25,1.5
38.514,6.0,9,1,0,2,0,0,1,Slow,1,0.5,0.1
29.11,4.8,4,0,1,0,0,2,0,Slow,1,1.0,0.2
11.5,3.9,9,2,2,2,0,2,0,Conservative,4,0.4,0.4
3.895,4.0,29,0,8,0,0,3,8,Chaotic,8,1.2222222222222223,0.26666666666666666
11.72,2.2,12,6,2,4,0,8,4,Aggressive,8,1.3333333333333333,0.6153846153846154
13.619,3.0,17,5,5,1,0,6,6,Aggressive,10,1.0909090909090908,0.5555555555555556
9.949,1.8,10,5,7,0,0,6,3,Aggressive,12,0.6923076923076923,1.0909090909090908
26.307,4.9,3,0,1,1,0,0,0,Slow,1,0.0,0.25
32.995,1.6,8,1,1,1,0,5,3,Chaotic,2,2.6666666666666665,0.2222222222222222
9.73,1.5,10,4,4,4,0,8,6,Aggressive,8,1.5555555555555556,0.7272727272727273
32.713,5.3,6,0,1,2,0,1,2,Slow,1,1.5,0.14285714285714285
28.698,4.7,6,0,0,0,0,0,0,Slow,0,0.0,0.0
11.224,2.4,1,2,0,0,1,1,1,Conservative,2,0.6666666666666666,1.0
19.533,5.2,11,1,0,0,0,2,0,Slow,1,1.0,0.08333333333333333
13.602,2.7,16,3,8,1,0,6,6,Aggressive,11,1.0,0.6470588235294118
14.116,3.1,3,1,2,1,0,2,0,Conservative,3,0.5,0.75
16.985,4.7,22,1,1,2,0,3,3,Clumsy,2,2.0,0.08695652173913043
16.106,3.6,7,0,2,0,0,2,2,Conservative,2,1.3333333333333333,0.25
20.274,4.9,28,3,0,0,0,7,3,Clumsy,3,2.5,0.10344827586206896
16.776,4.3,18,2,0,0,0,4,3,Clumsy,2,2.3333333333333335,0.10526315789473684
25.864,5.4,34,0,2,2,0,6,6,Clumsy,2,4.0,0.05714285714285714
9.783,1.6,6,3,6,0,0,4,4,Aggressive,9,0.8,1.2857142857142858
18.0,3.8,8,0,0,0,0,1,1,Conservative,0,2.0,0.0
10.365,1.8,7,3,7,2,0,4,4,Aggressive,10,0.7272727272727273,1.25
19.241,4.8,23,0,3,2,0,4,5,Clumsy,3,2.25,0.125
12.34,2.3,2,0,0,1,0,1,0,Conservative,0,1.0,0.0
26.968,4.4,2,0,0,2,0,2,0,Slow,0,2.0,0.0
33.401,5.0,7,1,0,2,0,2,1,Slow,1,1.5,0.125
7.554,1.2,1,4,1,1,0,1,1,Pro,5,0.3333333333333333,2.5
23.315,5.4,17,1,1,0,0,6,3,Clumsy,2,3.0,0.1111111111111111
10.066,2.2,1,2,0,3,0,2,0,Conservative,2,0.6666666666666666,1.0
15.662,5.4,14,4,4,4,0,8,5,Chaotic,8,1.4444444444444444,0.5333333333333333
25.451,4.8,2,0,2,2,0,0,0,Slow,2,0.0,0.6666666666666666
10.54,1.4,2,3,1,1,0,2,2,Pro,4,0.8,1.3333333333333333
32.802,5.3,7,0,1,1,0,0,1,Slow,1,0.5,0.125
42.547,5.9,4,2,0,1,0,0,0,Slow,2,0.0,0.4
8.0,1.2,6,5,6,1,0,4,5,Aggressive,11,0.75,1.5714285714285714
28.548,5.5,36,3,2,0,0,8,5,Clumsy,5,2.1666666666666665,0.13513513513513514
39.987,5.9,9,2,1,0,1,0,1,Slow,3,0.25,0.3
30.0,6.0,37,1,0,2,0,5,6,Clumsy,1,5.5,0.02631578947368421
24.877,4.2,3,2,1,2,0,2,2,Slow,3,1.0,0.75
40.0,6.0,9,0,1,2,0,1,0,Slow,1,0.5,0.1
11.136,2.5,1,0,0,3,0,0,1,Conservative,0,1.0,0.0
16.612,4.5,23,1,2,0,0,8,6,Clumsy,3,3.5,0.125
24.304,3.9,1,2,1,2,0,2,1,Slow,3,0.75,1.5
14.148,2.7,2,2,2,0,1,2,2,Conservative,4,0.8,1.3333333333333333
21.203,4.5,30,2,1,2,0,8,4,Clumsy,3,3.0,0.0967741935483871
10.205,1.7,4,0,0,2,0,2,1,Conservative,0,3.0,0.0
7.59,2.0,5,4,0,5,0,2,0,Pro,4,0.4,0.6666666666666666
20.594,3.5,19,1,0,3,0,5,6,Chaotic,1,5.5,0.05
10.969,2.4,13,7,1,4,0,6,5,Chaotic,8,1.2222222222222223,0.5714285714285714
21.203,3.9,24,0,8,3,0,9,8,Chaotic,8,1.8888888888888888,0.32
11.388,1.9,13,4,6,2,0,8,6,Aggressive,10,1.2727272727272727,0.7142857142857143
22.142,4.6,0,0,1,0,0,2,0,Slow,1,1.0,1.0
8.0,1.0,7,3,7,1,0,4,5,Aggressive,10,0.8181818181818182,1.25
12.782,2.1,16,6,4,2,0,4,4,Aggressive,10,0.7272727272727273,0.5882352941176471
14.0,2.7,15,5,3,4,0,8,6,Aggressive,8,1.5555555555555556,0.5
14.0,2.8,16,7,5,0,0,3,4,Aggressive,12,0.5384615384615384,0.7058823529411765
13.225,2.5,17,4,5,3,0,4,4,Aggressive,9,0.8,0.5
21.563,4.3,3,1,1,0,0,2,2,Slow,2,1.3333333333333333,0.5
8.566,1.6,7,5,3,4,0,4,4,Aggressive,8,0.8888888888888888,1.0
32.807,5.6,6,2,2,0,0,0,0,Slow,4,0.0,0.5714285714285714
22.992,4.2,2,0,2,2,0,0,2,Slow,2,0.6666666666666666,0.6666666666666666
12.972,2.2,11,3,8,0,0,10,5,Chaotic,11,1.25,0.9166666666666666
10.776,2.2,12,5,7,0,0,3,4,Aggressive,12,0.5384615384615384,0.9230769230769231
25.062,5.3,33,2,1,2,0,7,3,Clumsy,3,2.5,0.08823529411764706
35.097,5.4,6,1,2,2,0,2,2,Slow,3,1.0,0.42857142857142855
28.727,6.0,26,2,5,5,0,8,3,Chaotic,7,1.375,0.25925925925925924
10.269,2.4,1,2,0,2,0,1,1,Conservative,2,0.6666666666666666,1.0
14.0,3.0,17,3,3,0,0,8,6,Aggressive,6,2.0,0.3333333333333333
26.025,4.7,3,1,1,1,0,2,2,Slow,2,1.3333333333333333,0.5
26.993,5.5,34,2,3,1,0,6,4,Clumsy,5,1.6666666666666667,0.14285714285714285
15.663,3.3,17,5,1,0,0,9,4,Chaotic,6,1.8571428571428572,0.3333333333333333
10.504,2.2,2,2,0,3,0,2,2,Conservative,2,1.3333333333333333,0.6666666666666666
23.35,5.4,30,1,0,2,0,5,4,Clumsy,1,4.5,0.03225806451612903
12.61,2.7,3,0,0,3,0,0,2,Conservative,0,2.0,0.0
18.977,3.4,16,1,3,1,0,6,5,Chaotic,4,2.2,0.23529411764705882
24.39,4.2,4,1,1,0,0,0,2,Slow,2,0.6666666666666666,0.4
15.411,3.7,6,0,0,3,0,1,1,Conservative,0,2.0,0.0
13.4,2.5,3,1,1,1,0,2,0,Conservative,2,0.6666666666666666,0.5
18.0,3.9,8,2,0,0,0,0,1,Conservative,2,0.3333333333333333,0.2222222222222222
20.992,5.2,31,1,3,0,0,3,5,Clumsy,4,1.6,0.125
35.466,5.8,7,1,1,0,0,0,0,Slow,2,0.0,0.25
30.0,6.0,39,3,3,2,0,3,5,Clumsy,6,1.1428571428571428,0.15
21.622,4.1,1,1,1,0,0,2,0,Slow,2,0.6666666666666666,1.0
10.279,1.9,5,1,1,2,0,0,0,Pro,2,0.0,0.3333333333333333
24.177,5.5,33,2,2,2,0,4,4,Clumsy,4,1.6,0.11764705882352941
18.0,3.7,8,2,0,3,0,0,0,Conservative,2,0.0,0.2222222222222222
12.913,2.6,15,5,3,0,0,6,4,Aggressive,8,1.1111111111111112,0.5
11.0,1.8,12,5,5,0,0,6,5,Aggressive,10,1.0,0.7692307692307693
12.431,2.4,15,3,4,1,0,3,3,Aggressive,7,0.75,0.4375
25.42,4.3,2,0,1,1,0,2,0,Slow,1,1.0,0.3333333333333333
12.809,2.5,16,3,6,1,0,9,4,Chaotic,9,1.3,0.5294117647058824
17.519,3.7,7,0,1,2,0,2,1,Conservative,1,1.5,0.125
11.264,2.1,10,4,5,1,0,5,5,Aggressive,9,1.0,0.8181818181818182
21.524,5.4,30,0,0,1,0,6,4,Clumsy,0,10.0,0.0
15.321,3.0,14,5,1,0,0,5,6,Chaotic,6,1.5714285714285714,0.4
20.797,4.8,25,1,1,1,0,6,6,Clumsy,2,4.0,0.07692307692307693
39.112,5.9,9,0,0,2,0,1,0,Slow,0,1.0,0.0
8.166,1.2,6,7,1,4,0,5,4,Aggressive,8,1.0,1.1428571428571428
21.429,4.9,21,5,0,0,0,4,6,Chaotic,5,1.6666666666666667,0.22727272727272727
22.274,4.1,1,0,0,2,0,1,2,Slow,0,3.0,0.0
17.64,3.1,19,2,6,3,0,6,4,Chaotic,8,1.1111111111111112,0.4
13.258,3.3,3,2,2,3,0,0,1,Conservative,4,0.2,1.0
24.147,5.2,36,2,1,1,0,3,4,Clumsy,3,1.75,0.08108108108108109
21.829,4.9,25,3,3,1,0,7,4,Clumsy,6,1.5714285714285714,0.23076923076923078
11.524,2.4,2,0,0,1,0,2,2,Conservative,0,4.0,0.0
15.503,3.1,7,0,0,3,0,0,1,Conservative,0,1.0,0.0
8.392,1.4,1,4,1,3,0,0,0,Pro,5,0.0,2.5
17.434,4.0,7,0,2,0,0,0,0,Conservative,2,0.0,0.25
8.153,1.2,7,4,7,1,0,5,6,Aggressive,11,0.9166666666666666,1.375
40.0,6.0,9,0,0,2,0,1,0,Slow,0,1.0,0.0
30.0,6.0,38,2,2,1,0,6,4,Clumsy,4,2.0,0.10256410256410256
38.748,5.6,9,1,2,1,0,0,0,Slow,3,0.0,0.3
25.023,4.6,2,0,2,2,0,1,2,Slow,2,1.0,0.6666666666666666
22.75,5.0,31,3,2,0,0,7,5,Clumsy,5,2.0,0.15625
8.0,1.0,6,6,6,0,0,7,4,Aggressive,12,0.8461538461538461,1.7142857142857142
28.185,5.3,5,0,1,1,0,2,0,Slow,1,1.0,0.16666666666666666
10.0,2.1,1,1,1,3,0,0,2,Conservative,2,0.6666666666666666,1.0
32.66,5.4,6,2,1,2,0,0,0,Slow,3,0.0,0.42857142857142855
17.977,4.0,8,1,1,1,0,1,0,Conservative,2,0.3333333333333333,0.2222222222222222
27.11,5.6,20,3,7,2,0,7,3,Chaotic,10,0.9090909090909091,0.47619047619047616
19.345,4.5,29,1,0,2,0,3,3,Clumsy,1,3.0,0.03333333333333333
17.507,4.5,23,3,2,0,0,7,5,Clumsy,5,2.0,0.20833333333333334
18.309,4.7,29,1,0,2,0,8,3,Clumsy,1,5.5,0.03333333333333333
7.0,1.0,10,0,3,2,0,4,3,Chaotic,3,1.75,0.2727272727272727
28.524,5.0,5,2,1,0,0,2,0,Slow,3,0.5,0.5
10.563,1.9,12,8,4,0,0,3,6,Aggressive,12,0.6923076923076923,0.9230769230769231
25.925,3.8,5,2,0,2,0,2,1,Slow,2,1.0,0.3333333333333333
26.568,4.1,1,0,1,1,0,1,1,Slow,1,1.0,0.5
10.673,4.2,6,4,2,2,0,3,8,Chaotic,6,1.5714285714285714,0.8571428571428571
23.993,5.0,32,3,1,2,0,7,3,Clumsy,4,2.0,0.12121212121212122
22.17,4.1,0,0,1,2,0,1,1,Slow,1,1.0,1.0
26.109,6.0,32,2,1,1,0,6,5,Clumsy,3,2.75,0.09090909090909091
12.797,2.9,3,2,0,0,0,2,1,Conservative,2,1.0,0.5
29.027,4.7,5,2,0,2,0,1,1,Slow,2,0.6666666666666666,0.3333333333333333
10.022,2.0,0,2,0,0,0,1,1,Conservative,2,0.6666666666666666,2.0
27.774,6.0,36,0,0,1,0,4,3,Clumsy,0,7.0,0.0
20.13,4.0,1,0,0,1,0,1,2,Slow,0,3.0,0.0
23.721,4.6,2,2,0,0,0,2,2,Slow,2,1.3333333333333333,0.6666666666666666
15.991,2.8,15,2,6,3,0,5,3,Chaotic,8,0.8888888888888888,0.5
10.326,2.0,5,4,0,2,0,0,0,Pro,4,0.0,0.6666666666666666
17.245,3.4,8,2,1,1,0,0,1,Conservative,3,0.25,0.3333333333333333
27.983,5.0,3,2,2,1,0,0,0,Slow,4,0.0,1.0
9.004,1.3,3,0,3,2,0,0,2,Pro,3,0.5,0.75
14.313,3.0,3,0,2,1,0,2,0,Conservative,2,0.6666666666666666,0.5
13.125,2.7,16,5,3,4,0,5,3,Aggressive,8,0.8888888888888888,0.47058823529411764
33.43,5.3,6,0,0,1,0,2,2,Slow,0,4.0,0.0
22.542,5.4,30,1,2,1,0,6,5,Clumsy,3,2.75,0.0967741935483871
32.202,5.5,6,1,1,0,0,0,2,Slow,2,0.6666666666666666,0.2857142857142857
13.213,2.7,16,4,4,0,0,6,3,Aggressive,8,1.0,0.47058823529411764
14.0,4.0,18,3,3,0,0,3,6,Clumsy,6,1.2857142857142858,0.3157894736842105
7.0,1.5,9,0,2,5,0,10,8,Chaotic,2,6.0,0.2
9.236,1.6,9,4,4,4,0,5,5,Aggressive,8,1.1111111111111112,0.8
36.927,4.5,10,1,1,0,0,2,0,Slow,2,0.6666666666666666,0.18181818181818182
34.349,5.3,7,1,0,0,0,2,0,Slow,1,1.0,0.125
30.068,4.6,4,0,1,0,0,2,0,Slow,1,1.0,0.2
38.215,5.6,9,1,2,0,0,2,2,Slow,3,1.0,0.3
24.495,4.4,2,1,1,0,0,1,0,Slow,2,0.3333333333333333,0.6666666666666666
32.843,5.3,5,0,0,1,0,2,2,Slow,0,4.0,0.0
17.41,4.7,20,1,3,1,0,8,6,Clumsy,4,2.8,0.19047619047619047
33.195,5.4,8,0,1,2,0,2,1,Slow,1,1.5,0.1111111111111111
9.144,1.6,7,8,3,1,0,8,6,Aggressive,11,1.1666666666666667,1.375
14.561,2.6,12,5,3,2,0,4,6,Chaotic,8,1.1111111111111112,0.6153846153846154
10.86,2.3,2,1,0,1,0,1,0,Conservative,1,0.5,0.3333333333333333
21.127,5.0,26,0,1,0,0,5,6,Clumsy,1,5.5,0.037037037037037035
9.495,1.4,10,4,6,2,0,3,4,Aggressive,10,0.6363636363636364,0.9090909090909091
9.385,1.8,5,1,1,4,0,1,0,Pro,2,0.3333333333333333,0.3333333333333333
11.513,2.5,15,4,6,2,0,5,5,Aggressive,10,0.9090909090909091,0.625
31.273,5.1,5,1,2,0,0,1,0,Slow,3,0.25,0.5
27.844,4.5,3,2,1,1,0,2,1,Slow,3,0.75,0.75
18.288,4.5,22,0,1,0,0,7,5,Clumsy,1,6.0,0.043478260869565216
15.679,3.5,5,0,2,0,0,2,0,Conservative,2,0.6666666666666666,0.3333333333333333
14.314,3.0,5,1,1,2,0,1,2,Conservative,2,1.0,0.3333333333333333
7.0,1.0,0,3,1,0,0,1,0,Pro,4,0.2,4.0
17.357,4.0,7,1,1,0,0,1,2,Conservative,2,1.0,0.25
10.473,2.0,9,6,5,1,0,5,5,Aggressive,11,0.8333333333333334,1.1
9.536,1.2,8,1,6,5,0,9,5,Chaotic,7,1.75,0.7777777777777778
40.0,6.0,10,1,0,2,0,0,2,Slow,1,1.0,0.09090909090909091
12.463,2.7,2,1,2,0,0,0,2,Conservative,3,0.5,1.0
25.892,4.6,2,0,0,0,0,0,2,Slow,0,2.0,0.0
23.705,5.3,31,0,2,0,0,3,3,Clumsy,2,2.0,0.0625
21.184,5.1,30,0,1,2,0,4,5,Clumsy,1,4.5,0.03225806451612903
32.411,5.2,5,1,1,0,0,2,0,Slow,2,0.6666666666666666,0.3333333333333333
11.063,2.5,1,1,0,0,0,0,0,Conservative,1,0.0,0.5
26.961,4.6,4,1,1,0,0,1,1,Slow,2,0.6666666666666666,0.4
9.363,1.4,9,1,6,5,0,6,4,Aggressive,7,1.25,0.7
38.138,6.0,8,2,2,0,0,2,2,Slow,4,0.8,0.4444444444444444
9.709,1.1,11,4,8,0,0,5,4,Aggressive,12,0.6923076923076923,1.0
8.037,1.3,2,4,1,3,0,2,2,Pro,5,0.6666666666666666,1.6666666666666667
13.299,2.7,2,0,1,1,0,0,1,Conservative,1,0.5,0.3333333333333333
16.158,3.6,6,2,2,2,0,1,2,Conservative,4,0.6,0.5714285714285714
24.234,5.1,34,1,3,1,0,3,6,Clumsy,4,1.8,0.11428571428571428
12.66,2.8,2,1,0,0,0,2,2,Conservative,1,2.0,0.3333333333333333
13.458,2.4,15,3,7,2,0,8,6,Aggressive,10,1.2727272727272727,0.625
7.593,1.2,1,2,0,5,0,2,1,Pro,2,1.0,1.0
21.297,4.2,1,2,1,2,0,2,2,Slow,3,1.0,1.5
24.718,4.5,1,1,1,0,0,2,0,Slow,2,0.6666666666666666,1.0
11.432,2.6,1,0,1,3,0,2,0,Conservative,1,1.0,0.5
16.277,3.7,6,0,2,2,0,2,1,Conservative,2,1.0,0.2857142857142857
31.77,4.8,5,0,1,0,0,0,0,Slow,1,0.0,0.16666666666666666
42.819,5.6,3,1,2,1,0,2,1,Slow,3,0.75,0.75
17.495,4.0,7,2,1,1,0,1,0,Conservative,3,0.25,0.375
17.055,4.6,23,3,0,2,0,8,6,Clumsy,3,3.5,0.125
20.484,4.3,0,1,1,0,0,2,0,Slow,2,0.6666666666666666,2.0
8.528,1.1,11,0,4,1,0,10,3,Chaotic,4,2.6,0.3333333333333333
35.905,5.3,7,0,1,0,0,2,2,Slow,1,2.0,0.125
13.877,3.0,17,3,6,0,0,5,5,Aggressive,9,1.0,0.5
16.005,3.5,16,2,5,1,0,6,6,Chaotic,7,1.5,0.4117647058823529
30.235,5.0,3,1,1,2,0,1,1,Slow,2,0.6666666666666666,0.5
14.617,2.7,16,6,6,0,0,7,5,Chaotic,12,0.9230769230769231,0.7058823529411765
10.187,2.0,6,1,1,1,0,0,1,Pro,2,0.3333333333333333,0.2857142857142857
28.193,4.8,6,0,1,2,0,1,2,Slow,1,1.5,0.14285714285714285
34.615,5.4,7,2,0,0,0,2,2,Slow,2,1.3333333333333333,0.25
14.566,3.0,6,2,2,0,0,1,1,Conservative,4,0.4,0.5714285714285714
13.22,1.4,13,3,6,1,0,4,8,Chaotic,9,1.2,0.6428571428571429
26.338,4.6,3,0,1,1,0,2,1,Slow,1,1.5,0.25
22.313,4.7,25,1,2,0,0,9,3,Chaotic,3,3.0,0.11538461538461539
36.08,5.6,8,2,1,0,0,0,2,Slow,3,0.5,0.3333333333333333
21.451,5.4,29,0,2,2,0,3,4,Clumsy,2,2.3333333333333335,0.06666666666666667
8.64,1.3,5,3,3,5,0,5,5,Aggressive,6,1.4285714285714286,1.0
16.078,5.9,21,2,0,1,0,3,5,Clumsy,2,2.6666666666666665,0.09090909090909091
37.585,5.9,8,0,1,1,0,0,1,Slow,1,0.5,0.1111111111111111
8.0,1.0,6,4,5,2,0,8,4,Aggressive,9,1.2,1.2857142857142858
28.375,6.0,26,6,2,4,0,9,5,Chaotic,8,1.5555555555555556,0.2962962962962963
16.676,2.7,14,1,7,1,0,6,3,Chaotic,8,1.0,0.5333333333333333
14.619,3.4,6,0,0,1,0,2,2,Conservative,0,4.0,0.0
16.222,3.4,7,0,0,1,0,2,0,Conservative,0,2.0,0.0
9.261,1.6,7,5,6,1,0,6,4,Aggressive,11,0.8333333333333334,1.375
18.489,2.5,6,0,2,2,0,0,0,Conservative,2,0.0,0.2857142857142857
10.262,2.0,4,4,2,5,0,1,2,Pro,6,0.42857142857142855,1.2
12.086,2.5,2,2,2,3,0,0,2,Conservative,4,0.4,1.3333333333333333
9.827,1.5,2,3,0,5,0,2,0,Pro,3,0.5,1.0
29.453,5.1,6,0,1,2,0,0,2,Slow,1,1.0,0.14285714285714285
12.129,2.4,15,7,5,0,0,6,4,Aggressive,12,0.7692307692307693,0.75
9.829,1.9,2,1,1,0,0,1,1,Conservative,2,0.6666666666666666,0.6666666666666666
12.035,2.1,17,6,5,1,0,8,3,Aggressive,11,0.9166666666666666,0.6111111111111112
18.519,4.3,27,0,2,1,0,3,5,Clumsy,2,2.6666666666666665,0.07142857142857142
12.589,3.0,3,2,0,2,0,0,0,Conservative,2,0.0,0.5
13.336,3.0,3,2,2,1,0,2,2,Conservative,4,0.8,1.0
10.026,1.9,10,3,8,1,0,4,6,Aggressive,11,0.8333333333333334,1.0
9.015,1.7,3,0,0,5,0,1,0,Pro,0,1.0,0.0
9.523,1.2,6,6,6,0,0,8,3,Aggressive,12,0.8461538461538461,1.7142857142857142
9.019,1.3,3,4,3,1,0,1,0,Pro,7,0.125,1.75
15.068,3.1,6,2,2,3,0,0,0,Conservative,4,0.0,0.5714285714285714
40.0,5.8,8,0,2,0,0,1,2,Slow,2,1.0,0.2222222222222222
28.632,5.6,39,2,1,1,0,8,4,Clumsy,3,3.0,0.075
12.182,2.6,16,5,4,1,0,8,6,Aggressive,9,1.4,0.5294117647058824
7.192,3.4,17,2,3,4,0,10,8,Chaotic,5,3.0,0.2777777777777778
8.891,1.4,6,3,4,4,0,8,6,Aggressive,7,1.75,1.0
12.332,2.5,12,8,4,0,0,6,4,Aggressive,12,0.7692307692307693,0.9230769230769231
10.862,1.8,10,5,5,2,0,3,4,Aggressive,10,0.6363636363636364,0.9090909090909091
9.096,1.5,7,3,6,0,0,6,4,Aggressive,9,1.0,1.125
27.448,4.8,6,1,2,0,0,2,0,Slow,3,0.5,0.42857142857142855
40.0,6.0,9,2,2,0,0,0,2,Slow,4,0.4,0.4
29.754,5.0,4,0,2,0,0,2,2,Slow,2,1.3333333333333333,0.4
22.631,4.3,2,0,1,0,0,0,1,Slow,1,0.5,0.3333333333333333
25.839,5.7,32,1,0,2,0,6,4,Clumsy,1,5.0,0.030303030303030304
18.0,3.9,7,1,1,0,0,0,1,Conservative,2,0.3333333333333333,0.25
40.0,5.9,8,0,0,0,0,2,0,Slow,0,2.0,0.0
18.969,4.2,21,6,5,1,0,7,5,Chaotic,11,1.0,0.5
12.068,2.4,15,4,4,0,0,6,4,Aggressive,8,1.1111111111111112,0.5
13.814,3.1,4,0,1,3,0,1,0,Conservative,1,0.5,0.2
10.0,2.1,2,0,1,1,0,2,2,Conservative,1,2.0,0.3333333333333333
15.037,3.1,17,6,2,3,1,9,6,Chaotic,8,1.6666666666666667,0.4444444444444444
13.638,3.0,4,1,1,2,0,2,0,Conservative,2,0.6666666666666666,0.4
37.093,5.9,8,0,1,1,0,1,1,Slow,1,1.0,0.1111111111111111
18.741,4.9,26,2,1,0,0,6,5,Clumsy,3,2.75,0.1111111111111111
17.033,4.7,22,3,3,1,0,4,6,Clumsy,6,1.4285714285714286,0.2608695652173913
33.934,3.9,2,2,0,1,0,1,2,Slow,2,1.0,0.6666666666666666
12.331,2.8,15,6,6,0,0,5,5,Aggressive,12,0.7692307692307693,0.75
12.06,2.7,14,5,4,3,0,6,4,Aggressive,9,1.0,0.6
9.227,1.5,3,5,1,3,0,0,2,Pro,6,0.2857142857142857,1.5
34.863,5.7,5,1,1,0,0,2,1,Slow,2,1.0,0.3333333333333333
13.684,3.2,3,1,1,0,0,1,1,Conservative,2,0.6666666666666666,0.5
28.585,4.8,5,1,0,0,0,1,1,Slow,1,1.0,0.16666666666666666
40.0,6.0,10,0,0,2,0,0,0,Slow,0,0.0,0.0
39.652,4.6,0,2,1,0,0,2,0,Slow,3,0.5,3.0
